{
  "hash": "2749341d",
  "configHash": "f59c0d08",
  "lockfileHash": "847941ae",
  "browserHash": "378dd271",
  "optimized": {
    "@angular/common": {
      "src": "../../../../../node_modules/@angular/common/fesm2022/common.mjs",
      "file": "@angular_common.js",
      "fileHash": "82dc456c",
      "needsInterop": false
    },
    "@angular/core": {
      "src": "../../../../../node_modules/@angular/core/fesm2022/core.mjs",
      "file": "@angular_core.js",
      "fileHash": "795e4fe8",
      "needsInterop": false
    },
    "@angular/platform-browser": {
      "src": "../../../../../node_modules/@angular/platform-browser/fesm2022/platform-browser.mjs",
      "file": "@angular_platform-browser.js",
      "fileHash": "97b54f06",
      "needsInterop": false
    },
    "@angular/platform-server": {
      "src": "../../../../../node_modules/@angular/platform-server/fesm2022/platform-server.mjs",
      "file": "@angular_platform-server.js",
      "fileHash": "864c64de",
      "needsInterop": false
    },
    "@angular/router": {
      "src": "../../../../../node_modules/@angular/router/fesm2022/router.mjs",
      "file": "@angular_router.js",
      "fileHash": "2be9f861",
      "needsInterop": false
    }
  },
  "chunks": {
    "chunk-F2U5FTJQ": {
      "file": "chunk-F2U5FTJQ.js"
    },
    "chunk-HCFBPZ3H": {
      "file": "chunk-HCFBPZ3H.js"
    },
    "chunk-VAMGWXBZ": {
      "file": "chunk-VAMGWXBZ.js"
    },
    "xhr2-AQ42KH57": {
      "file": "xhr2-AQ42KH57.js"
    },
    "chunk-NQ4HTGF6": {
      "file": "chunk-NQ4HTGF6.js"
    }
  }
}