{
  "hash": "dacae329",
  "configHash": "fcaeedc6",
  "lockfileHash": "07fe351d",
  "browserHash": "edab4111",
  "optimized": {
    "@angular/core": {
      "src": "../../../../../node_modules/@angular/core/fesm2022/core.mjs",
      "file": "@angular_core.js",
      "fileHash": "612d926b",
      "needsInterop": false
    },
    "@angular/platform-browser": {
      "src": "../../../../../node_modules/@angular/platform-browser/fesm2022/platform-browser.mjs",
      "file": "@angular_platform-browser.js",
      "fileHash": "d11fc55e",
      "needsInterop": false
    },
    "@angular/router": {
      "src": "../../../../../node_modules/@angular/router/fesm2022/router.mjs",
      "file": "@angular_router.js",
      "fileHash": "00474062",
      "needsInterop": false
    },
    "@angular/common": {
      "src": "../../../../../node_modules/@angular/common/fesm2022/common.mjs",
      "file": "@angular_common.js",
      "fileHash": "121e8a54",
      "needsInterop": false
    }
  },
  "chunks": {
    "chunk-AO743NM3": {
      "file": "chunk-AO743NM3.js"
    },
    "chunk-AD4GZ2ZB": {
      "file": "chunk-AD4GZ2ZB.js"
    },
    "chunk-WNOL74XM": {
      "file": "chunk-WNOL74XM.js"
    }
  }
}