{
  "hash": "a06ac69b",
  "configHash": "63e51579",
  "lockfileHash": "07fe351d",
  "browserHash": "0c30b064",
  "optimized": {
    "@angular/common": {
      "src": "../../../../../node_modules/@angular/common/fesm2022/common.mjs",
      "file": "@angular_common.js",
      "fileHash": "68144f20",
      "needsInterop": false
    },
    "@angular/core": {
      "src": "../../../../../node_modules/@angular/core/fesm2022/core.mjs",
      "file": "@angular_core.js",
      "fileHash": "0d7fcf3d",
      "needsInterop": false
    },
    "@angular/platform-browser": {
      "src": "../../../../../node_modules/@angular/platform-browser/fesm2022/platform-browser.mjs",
      "file": "@angular_platform-browser.js",
      "fileHash": "c9cbb1f4",
      "needsInterop": false
    },
    "@angular/router": {
      "src": "../../../../../node_modules/@angular/router/fesm2022/router.mjs",
      "file": "@angular_router.js",
      "fileHash": "5db134db",
      "needsInterop": false
    },
    "tslib": {
      "src": "../../../../../node_modules/tslib/tslib.es6.mjs",
      "file": "tslib.js",
      "fileHash": "9819e197",
      "needsInterop": false
    }
  },
  "chunks": {
    "chunk-Z7M5UFXC": {
      "file": "chunk-Z7M5UFXC.js"
    },
    "chunk-753CQ72N": {
      "file": "chunk-753CQ72N.js"
    },
    "chunk-CZP3XY66": {
      "file": "chunk-CZP3XY66.js"
    },
    "chunk-YNZI7GL3": {
      "file": "chunk-YNZI7GL3.js"
    }
  }
}