{
  "hash": "01f4db67",
  "configHash": "1aa8c888",
  "lockfileHash": "e9afa658",
  "browserHash": "12e0c55c",
  "optimized": {
    "@angular/common": {
      "src": "../../../../../node_modules/@angular/common/fesm2022/common.mjs",
      "file": "@angular_common.js",
      "fileHash": "ebbee066",
      "needsInterop": false
    },
    "@angular/common/http": {
      "src": "../../../../../node_modules/@angular/common/fesm2022/http.mjs",
      "file": "@angular_common_http.js",
      "fileHash": "71b0dd4b",
      "needsInterop": false
    },
    "@angular/core": {
      "src": "../../../../../node_modules/@angular/core/fesm2022/core.mjs",
      "file": "@angular_core.js",
      "fileHash": "a8cff854",
      "needsInterop": false
    },
    "@angular/forms": {
      "src": "../../../../../node_modules/@angular/forms/fesm2022/forms.mjs",
      "file": "@angular_forms.js",
      "fileHash": "494b2f61",
      "needsInterop": false
    },
    "@angular/platform-browser": {
      "src": "../../../../../node_modules/@angular/platform-browser/fesm2022/platform-browser.mjs",
      "file": "@angular_platform-browser.js",
      "fileHash": "81aa0e68",
      "needsInterop": false
    },
    "@angular/platform-browser/animations": {
      "src": "../../../../../node_modules/@angular/platform-browser/fesm2022/animations.mjs",
      "file": "@angular_platform-browser_animations.js",
      "fileHash": "ad06cf1b",
      "needsInterop": false
    },
    "@angular/router": {
      "src": "../../../../../node_modules/@angular/router/fesm2022/router.mjs",
      "file": "@angular_router.js",
      "fileHash": "902c613d",
      "needsInterop": false
    },
    "primeng/api": {
      "src": "../../../../../node_modules/primeng/fesm2022/primeng-api.mjs",
      "file": "primeng_api.js",
      "fileHash": "0a4edad1",
      "needsInterop": false
    },
    "primeng/breadcrumb": {
      "src": "../../../../../node_modules/primeng/fesm2022/primeng-breadcrumb.mjs",
      "file": "primeng_breadcrumb.js",
      "fileHash": "632fdd01",
      "needsInterop": false
    },
    "primeng/button": {
      "src": "../../../../../node_modules/primeng/fesm2022/primeng-button.mjs",
      "file": "primeng_button.js",
      "fileHash": "ad05e11d",
      "needsInterop": false
    },
    "primeng/confirmdialog": {
      "src": "../../../../../node_modules/primeng/fesm2022/primeng-confirmdialog.mjs",
      "file": "primeng_confirmdialog.js",
      "fileHash": "af576b69",
      "needsInterop": false
    },
    "primeng/dialog": {
      "src": "../../../../../node_modules/primeng/fesm2022/primeng-dialog.mjs",
      "file": "primeng_dialog.js",
      "fileHash": "3e14e1a9",
      "needsInterop": false
    },
    "primeng/dropdown": {
      "src": "../../../../../node_modules/primeng/fesm2022/primeng-dropdown.mjs",
      "file": "primeng_dropdown.js",
      "fileHash": "2fe8d545",
      "needsInterop": false
    },
    "primeng/floatlabel": {
      "src": "../../../../../node_modules/primeng/fesm2022/primeng-floatlabel.mjs",
      "file": "primeng_floatlabel.js",
      "fileHash": "983e5e61",
      "needsInterop": false
    },
    "primeng/inputgroup": {
      "src": "../../../../../node_modules/primeng/fesm2022/primeng-inputgroup.mjs",
      "file": "primeng_inputgroup.js",
      "fileHash": "df8a9ab3",
      "needsInterop": false
    },
    "primeng/inputgroupaddon": {
      "src": "../../../../../node_modules/primeng/fesm2022/primeng-inputgroupaddon.mjs",
      "file": "primeng_inputgroupaddon.js",
      "fileHash": "08bcb928",
      "needsInterop": false
    },
    "primeng/inputtext": {
      "src": "../../../../../node_modules/primeng/fesm2022/primeng-inputtext.mjs",
      "file": "primeng_inputtext.js",
      "fileHash": "c460a38f",
      "needsInterop": false
    },
    "primeng/menu": {
      "src": "../../../../../node_modules/primeng/fesm2022/primeng-menu.mjs",
      "file": "primeng_menu.js",
      "fileHash": "b9b70282",
      "needsInterop": false
    },
    "primeng/messages": {
      "src": "../../../../../node_modules/primeng/fesm2022/primeng-messages.mjs",
      "file": "primeng_messages.js",
      "fileHash": "4c10ca2a",
      "needsInterop": false
    },
    "primeng/ripple": {
      "src": "../../../../../node_modules/primeng/fesm2022/primeng-ripple.mjs",
      "file": "primeng_ripple.js",
      "fileHash": "f84ade1d",
      "needsInterop": false
    },
    "primeng/sidebar": {
      "src": "../../../../../node_modules/primeng/fesm2022/primeng-sidebar.mjs",
      "file": "primeng_sidebar.js",
      "fileHash": "5dd73ffe",
      "needsInterop": false
    },
    "primeng/table": {
      "src": "../../../../../node_modules/primeng/fesm2022/primeng-table.mjs",
      "file": "primeng_table.js",
      "fileHash": "cfc2f097",
      "needsInterop": false
    },
    "primeng/toast": {
      "src": "../../../../../node_modules/primeng/fesm2022/primeng-toast.mjs",
      "file": "primeng_toast.js",
      "fileHash": "b251357b",
      "needsInterop": false
    },
    "primeng/tooltip": {
      "src": "../../../../../node_modules/primeng/fesm2022/primeng-tooltip.mjs",
      "file": "primeng_tooltip.js",
      "fileHash": "b0825c31",
      "needsInterop": false
    },
    "rxjs/operators": {
      "src": "../../../../../node_modules/rxjs/dist/esm5/operators/index.js",
      "file": "rxjs_operators.js",
      "fileHash": "9faea364",
      "needsInterop": false
    }
  },
  "chunks": {
    "chunk-5LRN7QEG": {
      "file": "chunk-5LRN7QEG.js"
    },
    "chunk-GNLTJWB7": {
      "file": "chunk-GNLTJWB7.js"
    },
    "chunk-HELT3U7Q": {
      "file": "chunk-HELT3U7Q.js"
    },
    "chunk-SZOE54VC": {
      "file": "chunk-SZOE54VC.js"
    },
    "chunk-QJ3RGXVZ": {
      "file": "chunk-QJ3RGXVZ.js"
    },
    "chunk-YMPYEK3I": {
      "file": "chunk-YMPYEK3I.js"
    },
    "chunk-SY2Q6M4E": {
      "file": "chunk-SY2Q6M4E.js"
    },
    "chunk-V6TXZSTR": {
      "file": "chunk-V6TXZSTR.js"
    },
    "chunk-5TPT74BM": {
      "file": "chunk-5TPT74BM.js"
    },
    "chunk-U6VRYB5D": {
      "file": "chunk-U6VRYB5D.js"
    },
    "chunk-NQZO35FU": {
      "file": "chunk-NQZO35FU.js"
    },
    "chunk-TTMDRAN3": {
      "file": "chunk-TTMDRAN3.js"
    },
    "chunk-S4R7RPL3": {
      "file": "chunk-S4R7RPL3.js"
    },
    "chunk-5RGZVCEQ": {
      "file": "chunk-5RGZVCEQ.js"
    },
    "chunk-OTVVUGPM": {
      "file": "chunk-OTVVUGPM.js"
    },
    "chunk-BJ3RULPZ": {
      "file": "chunk-BJ3RULPZ.js"
    },
    "chunk-QU7AFVGG": {
      "file": "chunk-QU7AFVGG.js"
    },
    "chunk-4BEQS6LP": {
      "file": "chunk-4BEQS6LP.js"
    },
    "chunk-W5BY6WIP": {
      "file": "chunk-W5BY6WIP.js"
    },
    "chunk-E7PIFXUZ": {
      "file": "chunk-E7PIFXUZ.js"
    },
    "chunk-Q3ZLBCLD": {
      "file": "chunk-Q3ZLBCLD.js"
    }
  }
}