{
  "hash": "b8a7107a",
  "configHash": "fc140b17",
  "lockfileHash": "c1d5f7fc",
  "browserHash": "cb5aa55c",
  "optimized": {
    "@angular/common": {
      "src": "../../../../../node_modules/@angular/common/fesm2022/common.mjs",
      "file": "@angular_common.js",
      "fileHash": "c0b76abf",
      "needsInterop": false
    },
    "@angular/core": {
      "src": "../../../../../node_modules/@angular/core/fesm2022/core.mjs",
      "file": "@angular_core.js",
      "fileHash": "90781008",
      "needsInterop": false
    },
    "@angular/forms": {
      "src": "../../../../../node_modules/@angular/forms/fesm2022/forms.mjs",
      "file": "@angular_forms.js",
      "fileHash": "140f69b0",
      "needsInterop": false
    },
    "@angular/platform-browser": {
      "src": "../../../../../node_modules/@angular/platform-browser/fesm2022/platform-browser.mjs",
      "file": "@angular_platform-browser.js",
      "fileHash": "1bf7e47d",
      "needsInterop": false
    },
    "@angular/router": {
      "src": "../../../../../node_modules/@angular/router/fesm2022/router.mjs",
      "file": "@angular_router.js",
      "fileHash": "136df2f2",
      "needsInterop": false
    }
  },
  "chunks": {
    "chunk-6KXFMZHA": {
      "file": "chunk-6KXFMZHA.js"
    },
    "chunk-X7PCTTRX": {
      "file": "chunk-X7PCTTRX.js"
    },
    "chunk-PZ7RRS6P": {
      "file": "chunk-PZ7RRS6P.js"
    }
  }
}