{
  "hash": "2fb683c4",
  "configHash": "f9e2abba",
  "lockfileHash": "151a807b",
  "browserHash": "313b6880",
  "optimized": {
    "@angular/core": {
      "src": "../../../../../node_modules/@angular/core/fesm2022/core.mjs",
      "file": "@angular_core.js",
      "fileHash": "c39967e3",
      "needsInterop": false
    },
    "@angular/forms": {
      "src": "../../../../../node_modules/@angular/forms/fesm2022/forms.mjs",
      "file": "@angular_forms.js",
      "fileHash": "68f4b3e2",
      "needsInterop": false
    },
    "@angular/platform-browser": {
      "src": "../../../../../node_modules/@angular/platform-browser/fesm2022/platform-browser.mjs",
      "file": "@angular_platform-browser.js",
      "fileHash": "8b5fde8e",
      "needsInterop": false
    }
  },
  "chunks": {
    "chunk-FUO4S5RV": {
      "file": "chunk-FUO4S5RV.js"
    },
    "chunk-74SHBESK": {
      "file": "chunk-74SHBESK.js"
    }
  }
}