 [
  {
    "type": "Deposit",
    "amount": 100,
    "date": "2024-08-01",
    "status": "Completed",
    "transactionItems": []
  },
  {
    "type": "Withdrawal",
    "amount": 50,
    "date": "2024-08-02",
    "status": "Completed",
    "transactionItems": []
  },
  {
    "type": "Transfer",
    "amount": 75,
    "date": "2024-08-03",
    "status": "Completed",
    "transactionItems": []
  },
  {
    "type": "Deposit",
    "amount": 200,
    "date": "2024-08-04",
    "status": "Pending",
    "transactionItems": [
      {
        "hash": "abc123",
        "withdrawalAddress": "addr1",
        "feesPaid": "1"
      },
      {
        "hash": "def456",
        "withdrawalAddress": "addr2",
        "feesPaid": "2"
      }
    ]
  },
  {
    "type": "Withdrawal",
    "amount": 150,
    "date": "2024-08-05",
    "status": "Pending",
    "transactionItems": [
      {
        "hash": "ghi789",
        "withdrawalAddress": "addr3",
        "feesPaid": "3"
      }
    ]
  },
  {
    "type": "Transfer",
    "amount": 300,
    "date": "2024-08-06",
    "status": "Pending",
    "transactionItems": [
      {
        "hash": "jkl012",
        "withdrawalAddress": "addr4",
        "feesPaid": "4"
      }
    ]
  },
  {
    "type": "Deposit",
    "amount": 400,
    "date": "2024-08-07",
    "status": "Failed",
    "transactionItems": []
  },
  {
    "type": "Withdrawal",
    "amount": 250,
    "date": "2024-08-08",
    "status": "Failed",
    "transactionItems": []
  },
  {
    "type": "Transfer",
    "amount": 125,
    "date": "2024-08-09",
    "status": "Failed",
    "transactionItems": []
  }
]
