{
  "hash": "8680c980",
  "configHash": "3c237924",
  "lockfileHash": "ac808d1d",
  "browserHash": "50eff05c",
  "optimized": {
    "@angular/cdk/drag-drop": {
      "src": "../../../../../../node_modules/@angular/cdk/fesm2022/drag-drop.mjs",
      "file": "@angular_cdk_drag-drop.js",
      "fileHash": "636c672b",
      "needsInterop": false
    },
    "@angular/common": {
      "src": "../../../../../../node_modules/@angular/common/fesm2022/common.mjs",
      "file": "@angular_common.js",
      "fileHash": "211f2ab6",
      "needsInterop": false
    },
    "@angular/core": {
      "src": "../../../../../../node_modules/@angular/core/fesm2022/core.mjs",
      "file": "@angular_core.js",
      "fileHash": "e497e645",
      "needsInterop": false
    },
    "@angular/platform-browser": {
      "src": "../../../../../../node_modules/@angular/platform-browser/fesm2022/platform-browser.mjs",
      "file": "@angular_platform-browser.js",
      "fileHash": "52fdfb1c",
      "needsInterop": false
    },
    "@angular/router": {
      "src": "../../../../../../node_modules/@angular/router/fesm2022/router.mjs",
      "file": "@angular_router.js",
      "fileHash": "2de65c1f",
      "needsInterop": false
    },
    "@ng-bootstrap/ng-bootstrap": {
      "src": "../../../../../../node_modules/@ng-bootstrap/ng-bootstrap/fesm2022/ng-bootstrap.mjs",
      "file": "@ng-bootstrap_ng-bootstrap.js",
      "fileHash": "8131d139",
      "needsInterop": false
    },
    "@angular/forms": {
      "src": "../../../../../../node_modules/@angular/forms/fesm2022/forms.mjs",
      "file": "@angular_forms.js",
      "fileHash": "281b3f0a",
      "needsInterop": false
    }
  },
  "chunks": {
    "chunk-3HFJGMJQ": {
      "file": "chunk-3HFJGMJQ.js"
    },
    "chunk-XRLUQ5RS": {
      "file": "chunk-XRLUQ5RS.js"
    },
    "chunk-UL72JMQD": {
      "file": "chunk-UL72JMQD.js"
    },
    "chunk-R3PPSJSD": {
      "file": "chunk-R3PPSJSD.js"
    }
  }
}