{
  "hash": "dacdbcb2",
  "configHash": "e35a5558",
  "lockfileHash": "45713c31",
  "browserHash": "ac074946",
  "optimized": {
    "@angular/core": {
      "src": "../../../../../node_modules/@angular/core/fesm2022/core.mjs",
      "file": "@angular_core.js",
      "fileHash": "136ebc28",
      "needsInterop": false
    },
    "@angular/forms": {
      "src": "../../../../../node_modules/@angular/forms/fesm2022/forms.mjs",
      "file": "@angular_forms.js",
      "fileHash": "da528bc0",
      "needsInterop": false
    },
    "@angular/platform-browser": {
      "src": "../../../../../node_modules/@angular/platform-browser/fesm2022/platform-browser.mjs",
      "file": "@angular_platform-browser.js",
      "fileHash": "d87ae218",
      "needsInterop": false
    },
    "@angular/common": {
      "src": "../../../../../node_modules/@angular/common/fesm2022/common.mjs",
      "file": "@angular_common.js",
      "fileHash": "a3618ca3",
      "needsInterop": false
    }
  },
  "chunks": {
    "chunk-LUHZKMUK": {
      "file": "chunk-LUHZKMUK.js"
    },
    "chunk-OQNKGHCF": {
      "file": "chunk-OQNKGHCF.js"
    }
  }
}