{
  "hash": "4df0f429",
  "configHash": "b63df99f",
  "lockfileHash": "cf8baeb3",
  "browserHash": "ccc8699a",
  "optimized": {
    "@angular/common": {
      "src": "../../../../../node_modules/@angular/common/fesm2022/common.mjs",
      "file": "@angular_common.js",
      "fileHash": "741c73db",
      "needsInterop": false
    },
    "@angular/core": {
      "src": "../../../../../node_modules/@angular/core/fesm2022/core.mjs",
      "file": "@angular_core.js",
      "fileHash": "36a0bf5b",
      "needsInterop": false
    },
    "@angular/platform-browser": {
      "src": "../../../../../node_modules/@angular/platform-browser/fesm2022/platform-browser.mjs",
      "file": "@angular_platform-browser.js",
      "fileHash": "8a260958",
      "needsInterop": false
    },
    "@angular/router": {
      "src": "../../../../../node_modules/@angular/router/fesm2022/router.mjs",
      "file": "@angular_router.js",
      "fileHash": "c60d05b6",
      "needsInterop": false
    },
    "@angular/common/http": {
      "src": "../../../../../node_modules/@angular/common/fesm2022/http.mjs",
      "file": "@angular_common_http.js",
      "fileHash": "3d1af9d2",
      "needsInterop": false
    }
  },
  "chunks": {
    "chunk-UQUSJRQN": {
      "file": "chunk-UQUSJRQN.js"
    },
    "chunk-DZVEIOKJ": {
      "file": "chunk-DZVEIOKJ.js"
    },
    "chunk-AD4GZ2ZB": {
      "file": "chunk-AD4GZ2ZB.js"
    },
    "chunk-WNOL74XM": {
      "file": "chunk-WNOL74XM.js"
    }
  }
}