{
  "hash": "eced4a56",
  "configHash": "f391294a",
  "lockfileHash": "a22d59df",
  "browserHash": "59e39545",
  "optimized": {
    "@angular/core": {
      "src": "../../../../../node_modules/@angular/core/fesm2022/core.mjs",
      "file": "@angular_core.js",
      "fileHash": "3f82d325",
      "needsInterop": false
    },
    "@angular/forms": {
      "src": "../../../../../node_modules/@angular/forms/fesm2022/forms.mjs",
      "file": "@angular_forms.js",
      "fileHash": "813aa674",
      "needsInterop": false
    },
    "@angular/platform-browser": {
      "src": "../../../../../node_modules/@angular/platform-browser/fesm2022/platform-browser.mjs",
      "file": "@angular_platform-browser.js",
      "fileHash": "e1ce3398",
      "needsInterop": false
    },
    "@angular/router": {
      "src": "../../../../../node_modules/@angular/router/fesm2022/router.mjs",
      "file": "@angular_router.js",
      "fileHash": "7427337f",
      "needsInterop": false
    }
  },
  "chunks": {
    "chunk-GINYBJ5O": {
      "file": "chunk-GINYBJ5O.js"
    },
    "chunk-KRLLZGFH": {
      "file": "chunk-KRLLZGFH.js"
    },
    "chunk-BYZM5OVL": {
      "file": "chunk-BYZM5OVL.js"
    }
  }
}