{
  "hash": "944ed7a4",
  "configHash": "41956978",
  "lockfileHash": "847941ae",
  "browserHash": "483cb451",
  "optimized": {
    "@angular/common": {
      "src": "../../../../../node_modules/@angular/common/fesm2022/common.mjs",
      "file": "@angular_common.js",
      "fileHash": "881981cb",
      "needsInterop": false
    },
    "@angular/core": {
      "src": "../../../../../node_modules/@angular/core/fesm2022/core.mjs",
      "file": "@angular_core.js",
      "fileHash": "a6d55552",
      "needsInterop": false
    },
    "@angular/platform-browser": {
      "src": "../../../../../node_modules/@angular/platform-browser/fesm2022/platform-browser.mjs",
      "file": "@angular_platform-browser.js",
      "fileHash": "77ef7ebf",
      "needsInterop": false
    },
    "@angular/router": {
      "src": "../../../../../node_modules/@angular/router/fesm2022/router.mjs",
      "file": "@angular_router.js",
      "fileHash": "8ee3054d",
      "needsInterop": false
    }
  },
  "chunks": {
    "chunk-CH5J74CZ": {
      "file": "chunk-CH5J74CZ.js"
    },
    "chunk-CXXYZUGU": {
      "file": "chunk-CXXYZUGU.js"
    },
    "chunk-LRQ54M6E": {
      "file": "chunk-LRQ54M6E.js"
    }
  }
}