{
  "hash": "7c9502cc",
  "configHash": "2571deea",
  "lockfileHash": "e9afa658",
  "browserHash": "17881300",
  "optimized": {
    "@angular/common": {
      "src": "../../../../../node_modules/@angular/common/fesm2022/common.mjs",
      "file": "@angular_common.js",
      "fileHash": "16dc0f45",
      "needsInterop": false
    },
    "@angular/common/http": {
      "src": "../../../../../node_modules/@angular/common/fesm2022/http.mjs",
      "file": "@angular_common_http.js",
      "fileHash": "e5fd02c8",
      "needsInterop": false
    },
    "@angular/core": {
      "src": "../../../../../node_modules/@angular/core/fesm2022/core.mjs",
      "file": "@angular_core.js",
      "fileHash": "f0ea0c29",
      "needsInterop": false
    },
    "@angular/forms": {
      "src": "../../../../../node_modules/@angular/forms/fesm2022/forms.mjs",
      "file": "@angular_forms.js",
      "fileHash": "2a0d478e",
      "needsInterop": false
    },
    "@angular/platform-browser": {
      "src": "../../../../../node_modules/@angular/platform-browser/fesm2022/platform-browser.mjs",
      "file": "@angular_platform-browser.js",
      "fileHash": "ba393866",
      "needsInterop": false
    },
    "@angular/platform-browser/animations": {
      "src": "../../../../../node_modules/@angular/platform-browser/fesm2022/animations.mjs",
      "file": "@angular_platform-browser_animations.js",
      "fileHash": "555de50c",
      "needsInterop": false
    },
    "@angular/router": {
      "src": "../../../../../node_modules/@angular/router/fesm2022/router.mjs",
      "file": "@angular_router.js",
      "fileHash": "7af851d9",
      "needsInterop": false
    },
    "primeng/api": {
      "src": "../../../../../node_modules/primeng/fesm2022/primeng-api.mjs",
      "file": "primeng_api.js",
      "fileHash": "5f9bca2c",
      "needsInterop": false
    },
    "primeng/button": {
      "src": "../../../../../node_modules/primeng/fesm2022/primeng-button.mjs",
      "file": "primeng_button.js",
      "fileHash": "27486858",
      "needsInterop": false
    },
    "primeng/dialog": {
      "src": "../../../../../node_modules/primeng/fesm2022/primeng-dialog.mjs",
      "file": "primeng_dialog.js",
      "fileHash": "17659d0b",
      "needsInterop": false
    },
    "primeng/dropdown": {
      "src": "../../../../../node_modules/primeng/fesm2022/primeng-dropdown.mjs",
      "file": "primeng_dropdown.js",
      "fileHash": "1b51c6f8",
      "needsInterop": false
    },
    "primeng/floatlabel": {
      "src": "../../../../../node_modules/primeng/fesm2022/primeng-floatlabel.mjs",
      "file": "primeng_floatlabel.js",
      "fileHash": "1fd65e4c",
      "needsInterop": false
    },
    "primeng/inputgroup": {
      "src": "../../../../../node_modules/primeng/fesm2022/primeng-inputgroup.mjs",
      "file": "primeng_inputgroup.js",
      "fileHash": "07404fd5",
      "needsInterop": false
    },
    "primeng/inputgroupaddon": {
      "src": "../../../../../node_modules/primeng/fesm2022/primeng-inputgroupaddon.mjs",
      "file": "primeng_inputgroupaddon.js",
      "fileHash": "23e0dd0a",
      "needsInterop": false
    },
    "primeng/inputtext": {
      "src": "../../../../../node_modules/primeng/fesm2022/primeng-inputtext.mjs",
      "file": "primeng_inputtext.js",
      "fileHash": "72156036",
      "needsInterop": false
    },
    "primeng/menu": {
      "src": "../../../../../node_modules/primeng/fesm2022/primeng-menu.mjs",
      "file": "primeng_menu.js",
      "fileHash": "00356445",
      "needsInterop": false
    },
    "primeng/messages": {
      "src": "../../../../../node_modules/primeng/fesm2022/primeng-messages.mjs",
      "file": "primeng_messages.js",
      "fileHash": "8c73b2e2",
      "needsInterop": false
    },
    "primeng/table": {
      "src": "../../../../../node_modules/primeng/fesm2022/primeng-table.mjs",
      "file": "primeng_table.js",
      "fileHash": "84f18955",
      "needsInterop": false
    },
    "rxjs/operators": {
      "src": "../../../../../node_modules/rxjs/dist/esm5/operators/index.js",
      "file": "rxjs_operators.js",
      "fileHash": "ff167859",
      "needsInterop": false
    }
  },
  "chunks": {
    "chunk-2NPYW7RZ": {
      "file": "chunk-2NPYW7RZ.js"
    },
    "chunk-VX4ATROL": {
      "file": "chunk-VX4ATROL.js"
    },
    "chunk-HELT3U7Q": {
      "file": "chunk-HELT3U7Q.js"
    },
    "chunk-QJ3RGXVZ": {
      "file": "chunk-QJ3RGXVZ.js"
    },
    "chunk-YMPYEK3I": {
      "file": "chunk-YMPYEK3I.js"
    },
    "chunk-S4R7RPL3": {
      "file": "chunk-S4R7RPL3.js"
    },
    "chunk-5RGZVCEQ": {
      "file": "chunk-5RGZVCEQ.js"
    },
    "chunk-OTVVUGPM": {
      "file": "chunk-OTVVUGPM.js"
    },
    "chunk-SZOE54VC": {
      "file": "chunk-SZOE54VC.js"
    },
    "chunk-2NFOWMRC": {
      "file": "chunk-2NFOWMRC.js"
    },
    "chunk-7UDB5L6L": {
      "file": "chunk-7UDB5L6L.js"
    },
    "chunk-YJ7WA6ZH": {
      "file": "chunk-YJ7WA6ZH.js"
    },
    "chunk-BJ3RULPZ": {
      "file": "chunk-BJ3RULPZ.js"
    },
    "chunk-2QPE2CQO": {
      "file": "chunk-2QPE2CQO.js"
    },
    "chunk-4BEQS6LP": {
      "file": "chunk-4BEQS6LP.js"
    },
    "chunk-W5BY6WIP": {
      "file": "chunk-W5BY6WIP.js"
    },
    "chunk-E7PIFXUZ": {
      "file": "chunk-E7PIFXUZ.js"
    },
    "chunk-Q3ZLBCLD": {
      "file": "chunk-Q3ZLBCLD.js"
    }
  }
}