{
  "hash": "a28631e1",
  "configHash": "94e8ad8e",
  "lockfileHash": "a3e45a2d",
  "browserHash": "340c039e",
  "optimized": {
    "@angular/common": {
      "src": "../../../../../node_modules/@angular/common/fesm2022/common.mjs",
      "file": "@angular_common.js",
      "fileHash": "49a895fe",
      "needsInterop": false
    },
    "@angular/common/http": {
      "src": "../../../../../node_modules/@angular/common/fesm2022/http.mjs",
      "file": "@angular_common_http.js",
      "fileHash": "dd86662b",
      "needsInterop": false
    },
    "@angular/core": {
      "src": "../../../../../node_modules/@angular/core/fesm2022/core.mjs",
      "file": "@angular_core.js",
      "fileHash": "aa92f857",
      "needsInterop": false
    },
    "@angular/forms": {
      "src": "../../../../../node_modules/@angular/forms/fesm2022/forms.mjs",
      "file": "@angular_forms.js",
      "fileHash": "d7f678f9",
      "needsInterop": false
    },
    "@angular/platform-browser": {
      "src": "../../../../../node_modules/@angular/platform-browser/fesm2022/platform-browser.mjs",
      "file": "@angular_platform-browser.js",
      "fileHash": "35432cd4",
      "needsInterop": false
    },
    "@angular/platform-browser/animations": {
      "src": "../../../../../node_modules/@angular/platform-browser/fesm2022/animations.mjs",
      "file": "@angular_platform-browser_animations.js",
      "fileHash": "73a02b1e",
      "needsInterop": false
    },
    "@angular/router": {
      "src": "../../../../../node_modules/@angular/router/fesm2022/router.mjs",
      "file": "@angular_router.js",
      "fileHash": "b206c5cc",
      "needsInterop": false
    },
    "primeng/api": {
      "src": "../../../../../node_modules/primeng/fesm2022/primeng-api.mjs",
      "file": "primeng_api.js",
      "fileHash": "0b849923",
      "needsInterop": false
    },
    "primeng/breadcrumb": {
      "src": "../../../../../node_modules/primeng/fesm2022/primeng-breadcrumb.mjs",
      "file": "primeng_breadcrumb.js",
      "fileHash": "3ce95907",
      "needsInterop": false
    },
    "primeng/button": {
      "src": "../../../../../node_modules/primeng/fesm2022/primeng-button.mjs",
      "file": "primeng_button.js",
      "fileHash": "a61eeff8",
      "needsInterop": false
    },
    "primeng/confirmdialog": {
      "src": "../../../../../node_modules/primeng/fesm2022/primeng-confirmdialog.mjs",
      "file": "primeng_confirmdialog.js",
      "fileHash": "93c78194",
      "needsInterop": false
    },
    "primeng/dialog": {
      "src": "../../../../../node_modules/primeng/fesm2022/primeng-dialog.mjs",
      "file": "primeng_dialog.js",
      "fileHash": "9946b312",
      "needsInterop": false
    },
    "primeng/dropdown": {
      "src": "../../../../../node_modules/primeng/fesm2022/primeng-dropdown.mjs",
      "file": "primeng_dropdown.js",
      "fileHash": "f2be6e95",
      "needsInterop": false
    },
    "primeng/floatlabel": {
      "src": "../../../../../node_modules/primeng/fesm2022/primeng-floatlabel.mjs",
      "file": "primeng_floatlabel.js",
      "fileHash": "7ec586f3",
      "needsInterop": false
    },
    "primeng/inputgroup": {
      "src": "../../../../../node_modules/primeng/fesm2022/primeng-inputgroup.mjs",
      "file": "primeng_inputgroup.js",
      "fileHash": "c1074de1",
      "needsInterop": false
    },
    "primeng/inputgroupaddon": {
      "src": "../../../../../node_modules/primeng/fesm2022/primeng-inputgroupaddon.mjs",
      "file": "primeng_inputgroupaddon.js",
      "fileHash": "73752166",
      "needsInterop": false
    },
    "primeng/inputtext": {
      "src": "../../../../../node_modules/primeng/fesm2022/primeng-inputtext.mjs",
      "file": "primeng_inputtext.js",
      "fileHash": "905ccdd4",
      "needsInterop": false
    },
    "primeng/menu": {
      "src": "../../../../../node_modules/primeng/fesm2022/primeng-menu.mjs",
      "file": "primeng_menu.js",
      "fileHash": "cfcc7cf1",
      "needsInterop": false
    },
    "primeng/messages": {
      "src": "../../../../../node_modules/primeng/fesm2022/primeng-messages.mjs",
      "file": "primeng_messages.js",
      "fileHash": "379dc533",
      "needsInterop": false
    },
    "primeng/ripple": {
      "src": "../../../../../node_modules/primeng/fesm2022/primeng-ripple.mjs",
      "file": "primeng_ripple.js",
      "fileHash": "edda4c4a",
      "needsInterop": false
    },
    "primeng/sidebar": {
      "src": "../../../../../node_modules/primeng/fesm2022/primeng-sidebar.mjs",
      "file": "primeng_sidebar.js",
      "fileHash": "421968d7",
      "needsInterop": false
    },
    "primeng/table": {
      "src": "../../../../../node_modules/primeng/fesm2022/primeng-table.mjs",
      "file": "primeng_table.js",
      "fileHash": "963e51e3",
      "needsInterop": false
    },
    "primeng/toast": {
      "src": "../../../../../node_modules/primeng/fesm2022/primeng-toast.mjs",
      "file": "primeng_toast.js",
      "fileHash": "1f8a9bbc",
      "needsInterop": false
    },
    "primeng/tooltip": {
      "src": "../../../../../node_modules/primeng/fesm2022/primeng-tooltip.mjs",
      "file": "primeng_tooltip.js",
      "fileHash": "740e778c",
      "needsInterop": false
    },
    "rxjs/operators": {
      "src": "../../../../../node_modules/rxjs/dist/esm5/operators/index.js",
      "file": "rxjs_operators.js",
      "fileHash": "18e1bd0f",
      "needsInterop": false
    },
    "primeng/iconfield": {
      "src": "../../../../../node_modules/primeng/fesm2022/primeng-iconfield.mjs",
      "file": "primeng_iconfield.js",
      "fileHash": "82cc641f",
      "needsInterop": false
    },
    "primeng/inputicon": {
      "src": "../../../../../node_modules/primeng/fesm2022/primeng-inputicon.mjs",
      "file": "primeng_inputicon.js",
      "fileHash": "da728a28",
      "needsInterop": false
    },
    "rxjs": {
      "src": "../../../../../node_modules/rxjs/dist/esm5/index.js",
      "file": "rxjs.js",
      "fileHash": "80ddf681",
      "needsInterop": false
    },
    "primeng/chart": {
      "src": "../../../../../node_modules/primeng/fesm2022/primeng-chart.mjs",
      "file": "primeng_chart.js",
      "fileHash": "e70abcf7",
      "needsInterop": false
    },
    "primeng/calendar": {
      "src": "../../../../../node_modules/primeng/fesm2022/primeng-calendar.mjs",
      "file": "primeng_calendar.js",
      "fileHash": "c74747f1",
      "needsInterop": false
    },
    "primeng/splitbutton": {
      "src": "../../../../../node_modules/primeng/fesm2022/primeng-splitbutton.mjs",
      "file": "primeng_splitbutton.js",
      "fileHash": "bf5d7686",
      "needsInterop": false
    },
    "primeng/confirmpopup": {
      "src": "../../../../../node_modules/primeng/fesm2022/primeng-confirmpopup.mjs",
      "file": "primeng_confirmpopup.js",
      "fileHash": "59d979a0",
      "needsInterop": false
    },
    "primeng/tabmenu": {
      "src": "../../../../../node_modules/primeng/fesm2022/primeng-tabmenu.mjs",
      "file": "primeng_tabmenu.js",
      "fileHash": "923c7292",
      "needsInterop": false
    },
    "primeng/chip": {
      "src": "../../../../../node_modules/primeng/fesm2022/primeng-chip.mjs",
      "file": "primeng_chip.js",
      "fileHash": "ab37db22",
      "needsInterop": false
    }
  },
  "chunks": {
    "chunk-CQRE5XDH": {
      "file": "chunk-CQRE5XDH.js"
    },
    "chunk-6AGDAPCV": {
      "file": "chunk-6AGDAPCV.js"
    },
    "chunk-RREX6HX2": {
      "file": "chunk-RREX6HX2.js"
    },
    "chunk-GHDLM5UB": {
      "file": "chunk-GHDLM5UB.js"
    },
    "chunk-ASKTDV67": {
      "file": "chunk-ASKTDV67.js"
    },
    "chunk-Y4KBULZT": {
      "file": "chunk-Y4KBULZT.js"
    },
    "chunk-TPOYSBIK": {
      "file": "chunk-TPOYSBIK.js"
    },
    "chunk-J7NAUXAT": {
      "file": "chunk-J7NAUXAT.js"
    },
    "chunk-SRRQVUU5": {
      "file": "chunk-SRRQVUU5.js"
    },
    "chunk-3XOK5XPX": {
      "file": "chunk-3XOK5XPX.js"
    },
    "chunk-NKPYBKW4": {
      "file": "chunk-NKPYBKW4.js"
    },
    "chunk-E3NDI66O": {
      "file": "chunk-E3NDI66O.js"
    },
    "chunk-SSRNIYDK": {
      "file": "chunk-SSRNIYDK.js"
    },
    "chunk-QU7AFVGG": {
      "file": "chunk-QU7AFVGG.js"
    },
    "chunk-IHFNFKC5": {
      "file": "chunk-IHFNFKC5.js"
    },
    "chunk-IDA57GZZ": {
      "file": "chunk-IDA57GZZ.js"
    },
    "chunk-ZOBLRCWN": {
      "file": "chunk-ZOBLRCWN.js"
    },
    "chunk-G34IFAOL": {
      "file": "chunk-G34IFAOL.js"
    },
    "chunk-LWJUAPZK": {
      "file": "chunk-LWJUAPZK.js"
    },
    "chunk-VUNCECL2": {
      "file": "chunk-VUNCECL2.js"
    },
    "chunk-ZNGCY7OR": {
      "file": "chunk-ZNGCY7OR.js"
    },
    "chunk-Q2B4BD6J": {
      "file": "chunk-Q2B4BD6J.js"
    },
    "chunk-4XBA7G65": {
      "file": "chunk-4XBA7G65.js"
    },
    "chunk-HE5PWX4F": {
      "file": "chunk-HE5PWX4F.js"
    },
    "chunk-D3IQWCZR": {
      "file": "chunk-D3IQWCZR.js"
    },
    "chunk-PIQKY2LV": {
      "file": "chunk-PIQKY2LV.js"
    },
    "chunk-SZQPEDTI": {
      "file": "chunk-SZQPEDTI.js"
    },
    "chunk-Q3R3BXB2": {
      "file": "chunk-Q3R3BXB2.js"
    }
  }
}