{
  "hash": "a5e4343d",
  "configHash": "5273b044",
  "lockfileHash": "07fe351d",
  "browserHash": "68276af4",
  "optimized": {
    "@angular/common": {
      "src": "../../../../../node_modules/@angular/common/fesm2022/common.mjs",
      "file": "@angular_common.js",
      "fileHash": "4eb6e779",
      "needsInterop": false
    },
    "@angular/core": {
      "src": "../../../../../node_modules/@angular/core/fesm2022/core.mjs",
      "file": "@angular_core.js",
      "fileHash": "854f4c0a",
      "needsInterop": false
    },
    "@angular/platform-browser": {
      "src": "../../../../../node_modules/@angular/platform-browser/fesm2022/platform-browser.mjs",
      "file": "@angular_platform-browser.js",
      "fileHash": "8e37fbf3",
      "needsInterop": false
    },
    "@angular/router": {
      "src": "../../../../../node_modules/@angular/router/fesm2022/router.mjs",
      "file": "@angular_router.js",
      "fileHash": "6cf75624",
      "needsInterop": false
    }
  },
  "chunks": {
    "chunk-AO743NM3": {
      "file": "chunk-AO743NM3.js"
    },
    "chunk-AD4GZ2ZB": {
      "file": "chunk-AD4GZ2ZB.js"
    },
    "chunk-WNOL74XM": {
      "file": "chunk-WNOL74XM.js"
    }
  }
}