{
  "hash": "be0e6579",
  "configHash": "dc8cf199",
  "lockfileHash": "07fe351d",
  "browserHash": "eda0963a",
  "optimized": {
    "@angular/common": {
      "src": "../../../../../node_modules/@angular/common/fesm2022/common.mjs",
      "file": "@angular_common.js",
      "fileHash": "24f0919a",
      "needsInterop": false
    },
    "@angular/core": {
      "src": "../../../../../node_modules/@angular/core/fesm2022/core.mjs",
      "file": "@angular_core.js",
      "fileHash": "c4f8dc78",
      "needsInterop": false
    },
    "@angular/platform-browser": {
      "src": "../../../../../node_modules/@angular/platform-browser/fesm2022/platform-browser.mjs",
      "file": "@angular_platform-browser.js",
      "fileHash": "84fe6a15",
      "needsInterop": false
    },
    "@angular/router": {
      "src": "../../../../../node_modules/@angular/router/fesm2022/router.mjs",
      "file": "@angular_router.js",
      "fileHash": "e3c93e76",
      "needsInterop": false
    }
  },
  "chunks": {
    "chunk-AO743NM3": {
      "file": "chunk-AO743NM3.js"
    },
    "chunk-AD4GZ2ZB": {
      "file": "chunk-AD4GZ2ZB.js"
    },
    "chunk-WNOL74XM": {
      "file": "chunk-WNOL74XM.js"
    }
  }
}