{
  "hash": "b0426948",
  "configHash": "e767917d",
  "lockfileHash": "07fe351d",
  "browserHash": "1585e2c1",
  "optimized": {
    "@angular/common": {
      "src": "../../../../../node_modules/@angular/common/fesm2022/common.mjs",
      "file": "@angular_common.js",
      "fileHash": "95417961",
      "needsInterop": false
    },
    "@angular/core": {
      "src": "../../../../../node_modules/@angular/core/fesm2022/core.mjs",
      "file": "@angular_core.js",
      "fileHash": "b1e05ec0",
      "needsInterop": false
    },
    "@angular/platform-browser": {
      "src": "../../../../../node_modules/@angular/platform-browser/fesm2022/platform-browser.mjs",
      "file": "@angular_platform-browser.js",
      "fileHash": "26c286e6",
      "needsInterop": false
    },
    "@angular/router": {
      "src": "../../../../../node_modules/@angular/router/fesm2022/router.mjs",
      "file": "@angular_router.js",
      "fileHash": "08f81059",
      "needsInterop": false
    }
  },
  "chunks": {
    "chunk-AO743NM3": {
      "file": "chunk-AO743NM3.js"
    },
    "chunk-AD4GZ2ZB": {
      "file": "chunk-AD4GZ2ZB.js"
    },
    "chunk-WNOL74XM": {
      "file": "chunk-WNOL74XM.js"
    }
  }
}