{
  "hash": "1e8d3c81",
  "configHash": "699f5554",
  "lockfileHash": "e9afa658",
  "browserHash": "a4f275d9",
  "optimized": {
    "@angular/common": {
      "src": "../../../../../node_modules/@angular/common/fesm2022/common.mjs",
      "file": "@angular_common.js",
      "fileHash": "3251f54d",
      "needsInterop": false
    },
    "@angular/common/http": {
      "src": "../../../../../node_modules/@angular/common/fesm2022/http.mjs",
      "file": "@angular_common_http.js",
      "fileHash": "e0ec045c",
      "needsInterop": false
    },
    "@angular/core": {
      "src": "../../../../../node_modules/@angular/core/fesm2022/core.mjs",
      "file": "@angular_core.js",
      "fileHash": "2bfe3ff9",
      "needsInterop": false
    },
    "@angular/forms": {
      "src": "../../../../../node_modules/@angular/forms/fesm2022/forms.mjs",
      "file": "@angular_forms.js",
      "fileHash": "381a6f14",
      "needsInterop": false
    },
    "@angular/platform-browser": {
      "src": "../../../../../node_modules/@angular/platform-browser/fesm2022/platform-browser.mjs",
      "file": "@angular_platform-browser.js",
      "fileHash": "00cda670",
      "needsInterop": false
    },
    "@angular/platform-browser/animations": {
      "src": "../../../../../node_modules/@angular/platform-browser/fesm2022/animations.mjs",
      "file": "@angular_platform-browser_animations.js",
      "fileHash": "02beffd1",
      "needsInterop": false
    },
    "@angular/router": {
      "src": "../../../../../node_modules/@angular/router/fesm2022/router.mjs",
      "file": "@angular_router.js",
      "fileHash": "0c97b34d",
      "needsInterop": false
    },
    "primeng/api": {
      "src": "../../../../../node_modules/primeng/fesm2022/primeng-api.mjs",
      "file": "primeng_api.js",
      "fileHash": "6e143cbe",
      "needsInterop": false
    },
    "primeng/button": {
      "src": "../../../../../node_modules/primeng/fesm2022/primeng-button.mjs",
      "file": "primeng_button.js",
      "fileHash": "527705bd",
      "needsInterop": false
    },
    "primeng/dialog": {
      "src": "../../../../../node_modules/primeng/fesm2022/primeng-dialog.mjs",
      "file": "primeng_dialog.js",
      "fileHash": "81fbe034",
      "needsInterop": false
    },
    "primeng/dropdown": {
      "src": "../../../../../node_modules/primeng/fesm2022/primeng-dropdown.mjs",
      "file": "primeng_dropdown.js",
      "fileHash": "79d2a18c",
      "needsInterop": false
    },
    "primeng/floatlabel": {
      "src": "../../../../../node_modules/primeng/fesm2022/primeng-floatlabel.mjs",
      "file": "primeng_floatlabel.js",
      "fileHash": "c2d7a3f7",
      "needsInterop": false
    },
    "primeng/inputgroup": {
      "src": "../../../../../node_modules/primeng/fesm2022/primeng-inputgroup.mjs",
      "file": "primeng_inputgroup.js",
      "fileHash": "88e90c03",
      "needsInterop": false
    },
    "primeng/inputgroupaddon": {
      "src": "../../../../../node_modules/primeng/fesm2022/primeng-inputgroupaddon.mjs",
      "file": "primeng_inputgroupaddon.js",
      "fileHash": "bb17ef34",
      "needsInterop": false
    },
    "primeng/inputtext": {
      "src": "../../../../../node_modules/primeng/fesm2022/primeng-inputtext.mjs",
      "file": "primeng_inputtext.js",
      "fileHash": "62e999e9",
      "needsInterop": false
    },
    "primeng/menu": {
      "src": "../../../../../node_modules/primeng/fesm2022/primeng-menu.mjs",
      "file": "primeng_menu.js",
      "fileHash": "630d4a1d",
      "needsInterop": false
    },
    "primeng/messages": {
      "src": "../../../../../node_modules/primeng/fesm2022/primeng-messages.mjs",
      "file": "primeng_messages.js",
      "fileHash": "b9162405",
      "needsInterop": false
    },
    "primeng/ripple": {
      "src": "../../../../../node_modules/primeng/fesm2022/primeng-ripple.mjs",
      "file": "primeng_ripple.js",
      "fileHash": "5bfeb140",
      "needsInterop": false
    },
    "primeng/table": {
      "src": "../../../../../node_modules/primeng/fesm2022/primeng-table.mjs",
      "file": "primeng_table.js",
      "fileHash": "dfc394d1",
      "needsInterop": false
    },
    "primeng/toast": {
      "src": "../../../../../node_modules/primeng/fesm2022/primeng-toast.mjs",
      "file": "primeng_toast.js",
      "fileHash": "345dafbf",
      "needsInterop": false
    },
    "rxjs/operators": {
      "src": "../../../../../node_modules/rxjs/dist/esm5/operators/index.js",
      "file": "rxjs_operators.js",
      "fileHash": "41421448",
      "needsInterop": false
    },
    "primeng/confirmdialog": {
      "src": "../../../../../node_modules/primeng/fesm2022/primeng-confirmdialog.mjs",
      "file": "primeng_confirmdialog.js",
      "fileHash": "75806dad",
      "needsInterop": false
    },
    "primeng/breadcrumb": {
      "src": "../../../../../node_modules/primeng/fesm2022/primeng-breadcrumb.mjs",
      "file": "primeng_breadcrumb.js",
      "fileHash": "f4aae5df",
      "needsInterop": false
    }
  },
  "chunks": {
    "chunk-RAK4M5WD": {
      "file": "chunk-RAK4M5WD.js"
    },
    "chunk-UWUVQ3GH": {
      "file": "chunk-UWUVQ3GH.js"
    },
    "chunk-5LRN7QEG": {
      "file": "chunk-5LRN7QEG.js"
    },
    "chunk-HELT3U7Q": {
      "file": "chunk-HELT3U7Q.js"
    },
    "chunk-SZOE54VC": {
      "file": "chunk-SZOE54VC.js"
    },
    "chunk-SY2Q6M4E": {
      "file": "chunk-SY2Q6M4E.js"
    },
    "chunk-NQZO35FU": {
      "file": "chunk-NQZO35FU.js"
    },
    "chunk-AGML7E3B": {
      "file": "chunk-AGML7E3B.js"
    },
    "chunk-YMPYEK3I": {
      "file": "chunk-YMPYEK3I.js"
    },
    "chunk-UALZ67EQ": {
      "file": "chunk-UALZ67EQ.js"
    },
    "chunk-EGQO4OIA": {
      "file": "chunk-EGQO4OIA.js"
    },
    "chunk-YP33PSG5": {
      "file": "chunk-YP33PSG5.js"
    },
    "chunk-BJ3RULPZ": {
      "file": "chunk-BJ3RULPZ.js"
    },
    "chunk-QU7AFVGG": {
      "file": "chunk-QU7AFVGG.js"
    },
    "chunk-W5BY6WIP": {
      "file": "chunk-W5BY6WIP.js"
    },
    "chunk-S4R7RPL3": {
      "file": "chunk-S4R7RPL3.js"
    },
    "chunk-5RGZVCEQ": {
      "file": "chunk-5RGZVCEQ.js"
    },
    "chunk-OTVVUGPM": {
      "file": "chunk-OTVVUGPM.js"
    },
    "chunk-4BEQS6LP": {
      "file": "chunk-4BEQS6LP.js"
    },
    "chunk-E7PIFXUZ": {
      "file": "chunk-E7PIFXUZ.js"
    },
    "chunk-Q3ZLBCLD": {
      "file": "chunk-Q3ZLBCLD.js"
    }
  }
}