{
  "hash": "c24b95b4",
  "configHash": "d996dfb7",
  "lockfileHash": "6ab638a4",
  "browserHash": "942c8e40",
  "optimized": {
    "@angular/common": {
      "src": "../../../../../node_modules/@angular/common/fesm2022/common.mjs",
      "file": "@angular_common.js",
      "fileHash": "c51a335b",
      "needsInterop": false
    },
    "@angular/core": {
      "src": "../../../../../node_modules/@angular/core/fesm2022/core.mjs",
      "file": "@angular_core.js",
      "fileHash": "30adccfd",
      "needsInterop": false
    },
    "@angular/forms": {
      "src": "../../../../../node_modules/@angular/forms/fesm2022/forms.mjs",
      "file": "@angular_forms.js",
      "fileHash": "b716b3f1",
      "needsInterop": false
    },
    "@angular/platform-browser": {
      "src": "../../../../../node_modules/@angular/platform-browser/fesm2022/platform-browser.mjs",
      "file": "@angular_platform-browser.js",
      "fileHash": "4367b209",
      "needsInterop": false
    },
    "@angular/platform-browser/animations": {
      "src": "../../../../../node_modules/@angular/platform-browser/fesm2022/animations.mjs",
      "file": "@angular_platform-browser_animations.js",
      "fileHash": "246ac577",
      "needsInterop": false
    },
    "@angular/router": {
      "src": "../../../../../node_modules/@angular/router/fesm2022/router.mjs",
      "file": "@angular_router.js",
      "fileHash": "b60b3e2e",
      "needsInterop": false
    },
    "primeng/button": {
      "src": "../../../../../node_modules/primeng/fesm2022/primeng-button.mjs",
      "file": "primeng_button.js",
      "fileHash": "a6920a93",
      "needsInterop": false
    },
    "primeng/dialog": {
      "src": "../../../../../node_modules/primeng/fesm2022/primeng-dialog.mjs",
      "file": "primeng_dialog.js",
      "fileHash": "731bc4f1",
      "needsInterop": false
    },
    "primeng/inputtext": {
      "src": "../../../../../node_modules/primeng/fesm2022/primeng-inputtext.mjs",
      "file": "primeng_inputtext.js",
      "fileHash": "9844a94b",
      "needsInterop": false
    },
    "primeng/tooltip": {
      "src": "../../../../../node_modules/primeng/fesm2022/primeng-tooltip.mjs",
      "file": "primeng_tooltip.js",
      "fileHash": "b3a2d662",
      "needsInterop": false
    }
  },
  "chunks": {
    "chunk-6KXFMZHA": {
      "file": "chunk-6KXFMZHA.js"
    },
    "chunk-52DPISRT": {
      "file": "chunk-52DPISRT.js"
    },
    "chunk-MZVMRM4Q": {
      "file": "chunk-MZVMRM4Q.js"
    },
    "chunk-LKXL7AYD": {
      "file": "chunk-LKXL7AYD.js"
    },
    "chunk-QU7AFVGG": {
      "file": "chunk-QU7AFVGG.js"
    },
    "chunk-AI64BHRD": {
      "file": "chunk-AI64BHRD.js"
    },
    "chunk-X7PCTTRX": {
      "file": "chunk-X7PCTTRX.js"
    },
    "chunk-PZ7RRS6P": {
      "file": "chunk-PZ7RRS6P.js"
    }
  }
}