{
  "hash": "0106babd",
  "configHash": "19e62cd8",
  "lockfileHash": "ac808d1d",
  "browserHash": "79be9672",
  "optimized": {
    "@angular/cdk/drag-drop": {
      "src": "../../../../../../node_modules/@angular/cdk/fesm2022/drag-drop.mjs",
      "file": "@angular_cdk_drag-drop.js",
      "fileHash": "e363d000",
      "needsInterop": false
    },
    "@angular/common": {
      "src": "../../../../../../node_modules/@angular/common/fesm2022/common.mjs",
      "file": "@angular_common.js",
      "fileHash": "71372cf0",
      "needsInterop": false
    },
    "@angular/core": {
      "src": "../../../../../../node_modules/@angular/core/fesm2022/core.mjs",
      "file": "@angular_core.js",
      "fileHash": "27c4c8b5",
      "needsInterop": false
    },
    "@angular/forms": {
      "src": "../../../../../../node_modules/@angular/forms/fesm2022/forms.mjs",
      "file": "@angular_forms.js",
      "fileHash": "f82c0dba",
      "needsInterop": false
    },
    "@angular/platform-browser": {
      "src": "../../../../../../node_modules/@angular/platform-browser/fesm2022/platform-browser.mjs",
      "file": "@angular_platform-browser.js",
      "fileHash": "24e50fc9",
      "needsInterop": false
    },
    "@angular/router": {
      "src": "../../../../../../node_modules/@angular/router/fesm2022/router.mjs",
      "file": "@angular_router.js",
      "fileHash": "5bae2afe",
      "needsInterop": false
    },
    "@ng-bootstrap/ng-bootstrap": {
      "src": "../../../../../../node_modules/@ng-bootstrap/ng-bootstrap/fesm2022/ng-bootstrap.mjs",
      "file": "@ng-bootstrap_ng-bootstrap.js",
      "fileHash": "ea76114a",
      "needsInterop": false
    }
  },
  "chunks": {
    "chunk-3HFJGMJQ": {
      "file": "chunk-3HFJGMJQ.js"
    },
    "chunk-XRLUQ5RS": {
      "file": "chunk-XRLUQ5RS.js"
    },
    "chunk-UL72JMQD": {
      "file": "chunk-UL72JMQD.js"
    },
    "chunk-R3PPSJSD": {
      "file": "chunk-R3PPSJSD.js"
    }
  }
}