{
  "hash": "da96c52a",
  "configHash": "2b20986c",
  "lockfileHash": "289c8d4d",
  "browserHash": "c603df46",
  "optimized": {
    "@angular/common": {
      "src": "../../../../../node_modules/@angular/common/fesm2022/common.mjs",
      "file": "@angular_common.js",
      "fileHash": "8ff81cb8",
      "needsInterop": false
    },
    "@angular/core": {
      "src": "../../../../../node_modules/@angular/core/fesm2022/core.mjs",
      "file": "@angular_core.js",
      "fileHash": "854dda00",
      "needsInterop": false
    },
    "@angular/platform-browser": {
      "src": "../../../../../node_modules/@angular/platform-browser/fesm2022/platform-browser.mjs",
      "file": "@angular_platform-browser.js",
      "fileHash": "c8fa3c39",
      "needsInterop": false
    },
    "@angular/platform-server": {
      "src": "../../../../../node_modules/@angular/platform-server/fesm2022/platform-server.mjs",
      "file": "@angular_platform-server.js",
      "fileHash": "51ceb0e3",
      "needsInterop": false
    },
    "@angular/router": {
      "src": "../../../../../node_modules/@angular/router/fesm2022/router.mjs",
      "file": "@angular_router.js",
      "fileHash": "2241c4f2",
      "needsInterop": false
    }
  },
  "chunks": {
    "chunk-HSFKA5TT": {
      "file": "chunk-HSFKA5TT.js"
    },
    "chunk-ADPK4N2K": {
      "file": "chunk-ADPK4N2K.js"
    },
    "chunk-OWLUMR7K": {
      "file": "chunk-OWLUMR7K.js"
    },
    "xhr2-AQ42KH57": {
      "file": "xhr2-AQ42KH57.js"
    },
    "chunk-NQ4HTGF6": {
      "file": "chunk-NQ4HTGF6.js"
    }
  }
}