{
  "hash": "0cbfe1dc",
  "configHash": "e48e9b26",
  "lockfileHash": "b7d61c20",
  "browserHash": "f3420888",
  "optimized": {
    "@angular/common": {
      "src": "../../../../../node_modules/@angular/common/fesm2022/common.mjs",
      "file": "@angular_common.js",
      "fileHash": "d445abd4",
      "needsInterop": false
    },
    "@angular/common/http": {
      "src": "../../../../../node_modules/@angular/common/fesm2022/http.mjs",
      "file": "@angular_common_http.js",
      "fileHash": "4116b8bd",
      "needsInterop": false
    },
    "@angular/core": {
      "src": "../../../../../node_modules/@angular/core/fesm2022/core.mjs",
      "file": "@angular_core.js",
      "fileHash": "c5d781dd",
      "needsInterop": false
    },
    "@angular/forms": {
      "src": "../../../../../node_modules/@angular/forms/fesm2022/forms.mjs",
      "file": "@angular_forms.js",
      "fileHash": "b5c2de15",
      "needsInterop": false
    },
    "@angular/platform-browser": {
      "src": "../../../../../node_modules/@angular/platform-browser/fesm2022/platform-browser.mjs",
      "file": "@angular_platform-browser.js",
      "fileHash": "0547e1bd",
      "needsInterop": false
    },
    "@angular/platform-browser/animations": {
      "src": "../../../../../node_modules/@angular/platform-browser/fesm2022/animations.mjs",
      "file": "@angular_platform-browser_animations.js",
      "fileHash": "f0bb3944",
      "needsInterop": false
    },
    "@angular/router": {
      "src": "../../../../../node_modules/@angular/router/fesm2022/router.mjs",
      "file": "@angular_router.js",
      "fileHash": "2f3febc5",
      "needsInterop": false
    },
    "primeng/api": {
      "src": "../../../../../node_modules/primeng/fesm2022/primeng-api.mjs",
      "file": "primeng_api.js",
      "fileHash": "e4f496b6",
      "needsInterop": false
    },
    "primeng/button": {
      "src": "../../../../../node_modules/primeng/fesm2022/primeng-button.mjs",
      "file": "primeng_button.js",
      "fileHash": "d0bbefae",
      "needsInterop": false
    },
    "primeng/dialog": {
      "src": "../../../../../node_modules/primeng/fesm2022/primeng-dialog.mjs",
      "file": "primeng_dialog.js",
      "fileHash": "f93db288",
      "needsInterop": false
    },
    "primeng/floatlabel": {
      "src": "../../../../../node_modules/primeng/fesm2022/primeng-floatlabel.mjs",
      "file": "primeng_floatlabel.js",
      "fileHash": "7e13f639",
      "needsInterop": false
    },
    "primeng/inputgroup": {
      "src": "../../../../../node_modules/primeng/fesm2022/primeng-inputgroup.mjs",
      "file": "primeng_inputgroup.js",
      "fileHash": "b29c80bb",
      "needsInterop": false
    },
    "primeng/inputgroupaddon": {
      "src": "../../../../../node_modules/primeng/fesm2022/primeng-inputgroupaddon.mjs",
      "file": "primeng_inputgroupaddon.js",
      "fileHash": "4b8e8db4",
      "needsInterop": false
    },
    "primeng/inputtext": {
      "src": "../../../../../node_modules/primeng/fesm2022/primeng-inputtext.mjs",
      "file": "primeng_inputtext.js",
      "fileHash": "251919bb",
      "needsInterop": false
    },
    "primeng/table": {
      "src": "../../../../../node_modules/primeng/fesm2022/primeng-table.mjs",
      "file": "primeng_table.js",
      "fileHash": "0e90683c",
      "needsInterop": false
    }
  },
  "chunks": {
    "chunk-55PIY2OM": {
      "file": "chunk-55PIY2OM.js"
    },
    "chunk-CAUKJ7XR": {
      "file": "chunk-CAUKJ7XR.js"
    },
    "chunk-EX6ZWUIU": {
      "file": "chunk-EX6ZWUIU.js"
    },
    "chunk-I5GFZ4AQ": {
      "file": "chunk-I5GFZ4AQ.js"
    },
    "chunk-N3E6GJIP": {
      "file": "chunk-N3E6GJIP.js"
    },
    "chunk-VGFLNXXU": {
      "file": "chunk-VGFLNXXU.js"
    },
    "chunk-I5CGGH7T": {
      "file": "chunk-I5CGGH7T.js"
    },
    "chunk-VWVLBVPE": {
      "file": "chunk-VWVLBVPE.js"
    },
    "chunk-MINMG2VS": {
      "file": "chunk-MINMG2VS.js"
    },
    "chunk-GTUCESPA": {
      "file": "chunk-GTUCESPA.js"
    },
    "chunk-3W2WHAOB": {
      "file": "chunk-3W2WHAOB.js"
    }
  }
}