{
  "hash": "81cceec4",
  "configHash": "e5f0c687",
  "lockfileHash": "b7d61c20",
  "browserHash": "de3c9dbd",
  "optimized": {
    "@angular/common": {
      "src": "../../../../../node_modules/@angular/common/fesm2022/common.mjs",
      "file": "@angular_common.js",
      "fileHash": "80e02704",
      "needsInterop": false
    },
    "@angular/common/http": {
      "src": "../../../../../node_modules/@angular/common/fesm2022/http.mjs",
      "file": "@angular_common_http.js",
      "fileHash": "29eae82b",
      "needsInterop": false
    },
    "@angular/core": {
      "src": "../../../../../node_modules/@angular/core/fesm2022/core.mjs",
      "file": "@angular_core.js",
      "fileHash": "f2ba5135",
      "needsInterop": false
    },
    "@angular/forms": {
      "src": "../../../../../node_modules/@angular/forms/fesm2022/forms.mjs",
      "file": "@angular_forms.js",
      "fileHash": "88f338dc",
      "needsInterop": false
    },
    "@angular/platform-browser": {
      "src": "../../../../../node_modules/@angular/platform-browser/fesm2022/platform-browser.mjs",
      "file": "@angular_platform-browser.js",
      "fileHash": "7c04bbf1",
      "needsInterop": false
    },
    "@angular/platform-browser/animations": {
      "src": "../../../../../node_modules/@angular/platform-browser/fesm2022/animations.mjs",
      "file": "@angular_platform-browser_animations.js",
      "fileHash": "c95f420b",
      "needsInterop": false
    },
    "@angular/router": {
      "src": "../../../../../node_modules/@angular/router/fesm2022/router.mjs",
      "file": "@angular_router.js",
      "fileHash": "12475e22",
      "needsInterop": false
    },
    "primeng/api": {
      "src": "../../../../../node_modules/primeng/fesm2022/primeng-api.mjs",
      "file": "primeng_api.js",
      "fileHash": "7f8a955e",
      "needsInterop": false
    },
    "primeng/button": {
      "src": "../../../../../node_modules/primeng/fesm2022/primeng-button.mjs",
      "file": "primeng_button.js",
      "fileHash": "1275396e",
      "needsInterop": false
    },
    "primeng/dialog": {
      "src": "../../../../../node_modules/primeng/fesm2022/primeng-dialog.mjs",
      "file": "primeng_dialog.js",
      "fileHash": "f5ddd61d",
      "needsInterop": false
    },
    "primeng/floatlabel": {
      "src": "../../../../../node_modules/primeng/fesm2022/primeng-floatlabel.mjs",
      "file": "primeng_floatlabel.js",
      "fileHash": "eee0e32e",
      "needsInterop": false
    },
    "primeng/inputgroup": {
      "src": "../../../../../node_modules/primeng/fesm2022/primeng-inputgroup.mjs",
      "file": "primeng_inputgroup.js",
      "fileHash": "f709049d",
      "needsInterop": false
    },
    "primeng/inputgroupaddon": {
      "src": "../../../../../node_modules/primeng/fesm2022/primeng-inputgroupaddon.mjs",
      "file": "primeng_inputgroupaddon.js",
      "fileHash": "10af32f1",
      "needsInterop": false
    },
    "primeng/inputtext": {
      "src": "../../../../../node_modules/primeng/fesm2022/primeng-inputtext.mjs",
      "file": "primeng_inputtext.js",
      "fileHash": "b4b8edc5",
      "needsInterop": false
    },
    "primeng/table": {
      "src": "../../../../../node_modules/primeng/fesm2022/primeng-table.mjs",
      "file": "primeng_table.js",
      "fileHash": "d3b16c60",
      "needsInterop": false
    }
  },
  "chunks": {
    "chunk-CDLB3SJ3": {
      "file": "chunk-CDLB3SJ3.js"
    },
    "chunk-RUP7764Y": {
      "file": "chunk-RUP7764Y.js"
    },
    "chunk-CAUKJ7XR": {
      "file": "chunk-CAUKJ7XR.js"
    },
    "chunk-I5GFZ4AQ": {
      "file": "chunk-I5GFZ4AQ.js"
    },
    "chunk-VGFLNXXU": {
      "file": "chunk-VGFLNXXU.js"
    },
    "chunk-I5CGGH7T": {
      "file": "chunk-I5CGGH7T.js"
    },
    "chunk-VWVLBVPE": {
      "file": "chunk-VWVLBVPE.js"
    },
    "chunk-AUW23PUF": {
      "file": "chunk-AUW23PUF.js"
    },
    "chunk-GTUCESPA": {
      "file": "chunk-GTUCESPA.js"
    },
    "chunk-MINMG2VS": {
      "file": "chunk-MINMG2VS.js"
    },
    "chunk-3W2WHAOB": {
      "file": "chunk-3W2WHAOB.js"
    }
  }
}