[{"id":"p18","title":"Amazon River","image":{"src":"amazon-river.jpg","alt":"Navigating the waters of the Amazon River, surrounded by dense rainforest."},"lat":-3.4653,"lon":-58.38},{"id":"p17","title":"Machu Picchu","image":{"src":"machu-picchu.jpg","alt":"The historic Incan citadel of Machu Picchu illuminated by the morning sun."},"lat":-13.1631,"lon":-72.545},{"id":"p14","title":"Kerala Backwaters","image":{"src":"kerala-backwaters.jpg","alt":"Tranquil waters and lush greenery of the Kerala backwaters."},"lat":9.4981,"lon":76.3388},{"id":"p11","title":"Grand Canyon","image":{"src":"grand-canyon.jpg","alt":"Expansive view of the deep gorges and ridges of the Grand Canyon."},"lat":36.1069,"lon":-112.1129}]