{
  "hash": "bbd547a9",
  "configHash": "24e64d4f",
  "lockfileHash": "e9afa658",
  "browserHash": "a507b4dd",
  "optimized": {
    "@angular/animations": {
      "src": "../../../../../node_modules/@angular/animations/fesm2022/animations.mjs",
      "file": "@angular_animations.js",
      "fileHash": "927a7bf0",
      "needsInterop": false
    },
    "@angular/common": {
      "src": "../../../../../node_modules/@angular/common/fesm2022/common.mjs",
      "file": "@angular_common.js",
      "fileHash": "570bedf1",
      "needsInterop": false
    },
    "@angular/common/http": {
      "src": "../../../../../node_modules/@angular/common/fesm2022/http.mjs",
      "file": "@angular_common_http.js",
      "fileHash": "cc502b50",
      "needsInterop": false
    },
    "@angular/core": {
      "src": "../../../../../node_modules/@angular/core/fesm2022/core.mjs",
      "file": "@angular_core.js",
      "fileHash": "c3b17cef",
      "needsInterop": false
    },
    "@angular/forms": {
      "src": "../../../../../node_modules/@angular/forms/fesm2022/forms.mjs",
      "file": "@angular_forms.js",
      "fileHash": "7df9146c",
      "needsInterop": false
    },
    "@angular/platform-browser": {
      "src": "../../../../../node_modules/@angular/platform-browser/fesm2022/platform-browser.mjs",
      "file": "@angular_platform-browser.js",
      "fileHash": "52dd3708",
      "needsInterop": false
    },
    "@angular/platform-browser/animations": {
      "src": "../../../../../node_modules/@angular/platform-browser/fesm2022/animations.mjs",
      "file": "@angular_platform-browser_animations.js",
      "fileHash": "ae99c67a",
      "needsInterop": false
    },
    "@angular/router": {
      "src": "../../../../../node_modules/@angular/router/fesm2022/router.mjs",
      "file": "@angular_router.js",
      "fileHash": "b5489f2c",
      "needsInterop": false
    },
    "primeng/button": {
      "src": "../../../../../node_modules/primeng/fesm2022/primeng-button.mjs",
      "file": "primeng_button.js",
      "fileHash": "ffaedda8",
      "needsInterop": false
    },
    "primeng/dialog": {
      "src": "../../../../../node_modules/primeng/fesm2022/primeng-dialog.mjs",
      "file": "primeng_dialog.js",
      "fileHash": "f36f3dbb",
      "needsInterop": false
    },
    "primeng/inputtext": {
      "src": "../../../../../node_modules/primeng/fesm2022/primeng-inputtext.mjs",
      "file": "primeng_inputtext.js",
      "fileHash": "cae1d47e",
      "needsInterop": false
    },
    "primeng/tooltip": {
      "src": "../../../../../node_modules/primeng/fesm2022/primeng-tooltip.mjs",
      "file": "primeng_tooltip.js",
      "fileHash": "f0b28121",
      "needsInterop": false
    },
    "rxjs": {
      "src": "../../../../../node_modules/rxjs/dist/esm5/index.js",
      "file": "rxjs.js",
      "fileHash": "baf1da5f",
      "needsInterop": false
    },
    "rxjs/operators": {
      "src": "../../../../../node_modules/rxjs/dist/esm5/operators/index.js",
      "file": "rxjs_operators.js",
      "fileHash": "620563f7",
      "needsInterop": false
    },
    "primeng/menu": {
      "src": "../../../../../node_modules/primeng/fesm2022/primeng-menu.mjs",
      "file": "primeng_menu.js",
      "fileHash": "311b0df9",
      "needsInterop": false
    },
    "primeng/table": {
      "src": "../../../../../node_modules/primeng/fesm2022/primeng-table.mjs",
      "file": "primeng_table.js",
      "fileHash": "5381be7c",
      "needsInterop": false
    },
    "primeng/api": {
      "src": "../../../../../node_modules/primeng/fesm2022/primeng-api.mjs",
      "file": "primeng_api.js",
      "fileHash": "d80d9554",
      "needsInterop": false
    }
  },
  "chunks": {
    "chunk-IHFNFKC5": {
      "file": "chunk-IHFNFKC5.js"
    },
    "chunk-IDA57GZZ": {
      "file": "chunk-IDA57GZZ.js"
    },
    "chunk-J7NAUXAT": {
      "file": "chunk-J7NAUXAT.js"
    },
    "chunk-ZNGCY7OR": {
      "file": "chunk-ZNGCY7OR.js"
    },
    "chunk-Q2B4BD6J": {
      "file": "chunk-Q2B4BD6J.js"
    },
    "chunk-LWJUAPZK": {
      "file": "chunk-LWJUAPZK.js"
    },
    "chunk-CDGNXM7X": {
      "file": "chunk-CDGNXM7X.js"
    },
    "chunk-ZDSX7G5Q": {
      "file": "chunk-ZDSX7G5Q.js"
    },
    "chunk-4O2T5YP6": {
      "file": "chunk-4O2T5YP6.js"
    },
    "chunk-7WYNOG6W": {
      "file": "chunk-7WYNOG6W.js"
    },
    "chunk-QU7AFVGG": {
      "file": "chunk-QU7AFVGG.js"
    },
    "chunk-4XBA7G65": {
      "file": "chunk-4XBA7G65.js"
    },
    "chunk-HE5PWX4F": {
      "file": "chunk-HE5PWX4F.js"
    },
    "chunk-D3IQWCZR": {
      "file": "chunk-D3IQWCZR.js"
    },
    "chunk-PIQKY2LV": {
      "file": "chunk-PIQKY2LV.js"
    },
    "chunk-SZQPEDTI": {
      "file": "chunk-SZQPEDTI.js"
    },
    "chunk-Q3R3BXB2": {
      "file": "chunk-Q3R3BXB2.js"
    }
  }
}