{
  "hash": "32dfabe8",
  "configHash": "c27da348",
  "lockfileHash": "a3e45a2d",
  "browserHash": "d4a34d24",
  "optimized": {
    "@angular/common": {
      "src": "../../../../../node_modules/@angular/common/fesm2022/common.mjs",
      "file": "@angular_common.js",
      "fileHash": "c4cad709",
      "needsInterop": false
    },
    "@angular/common/http": {
      "src": "../../../../../node_modules/@angular/common/fesm2022/http.mjs",
      "file": "@angular_common_http.js",
      "fileHash": "318d8088",
      "needsInterop": false
    },
    "@angular/core": {
      "src": "../../../../../node_modules/@angular/core/fesm2022/core.mjs",
      "file": "@angular_core.js",
      "fileHash": "2c416b98",
      "needsInterop": false
    },
    "@angular/forms": {
      "src": "../../../../../node_modules/@angular/forms/fesm2022/forms.mjs",
      "file": "@angular_forms.js",
      "fileHash": "6fc3635a",
      "needsInterop": false
    },
    "@angular/platform-browser": {
      "src": "../../../../../node_modules/@angular/platform-browser/fesm2022/platform-browser.mjs",
      "file": "@angular_platform-browser.js",
      "fileHash": "38b73e16",
      "needsInterop": false
    },
    "@angular/platform-browser/animations": {
      "src": "../../../../../node_modules/@angular/platform-browser/fesm2022/animations.mjs",
      "file": "@angular_platform-browser_animations.js",
      "fileHash": "ecaae513",
      "needsInterop": false
    },
    "@angular/router": {
      "src": "../../../../../node_modules/@angular/router/fesm2022/router.mjs",
      "file": "@angular_router.js",
      "fileHash": "5eadd9ae",
      "needsInterop": false
    },
    "primeng/api": {
      "src": "../../../../../node_modules/primeng/fesm2022/primeng-api.mjs",
      "file": "primeng_api.js",
      "fileHash": "9c6b585c",
      "needsInterop": false
    },
    "primeng/breadcrumb": {
      "src": "../../../../../node_modules/primeng/fesm2022/primeng-breadcrumb.mjs",
      "file": "primeng_breadcrumb.js",
      "fileHash": "c7449e87",
      "needsInterop": false
    },
    "primeng/button": {
      "src": "../../../../../node_modules/primeng/fesm2022/primeng-button.mjs",
      "file": "primeng_button.js",
      "fileHash": "882cc3bb",
      "needsInterop": false
    },
    "primeng/confirmdialog": {
      "src": "../../../../../node_modules/primeng/fesm2022/primeng-confirmdialog.mjs",
      "file": "primeng_confirmdialog.js",
      "fileHash": "8293e950",
      "needsInterop": false
    },
    "primeng/dialog": {
      "src": "../../../../../node_modules/primeng/fesm2022/primeng-dialog.mjs",
      "file": "primeng_dialog.js",
      "fileHash": "f0a9f9f7",
      "needsInterop": false
    },
    "primeng/dropdown": {
      "src": "../../../../../node_modules/primeng/fesm2022/primeng-dropdown.mjs",
      "file": "primeng_dropdown.js",
      "fileHash": "e079e608",
      "needsInterop": false
    },
    "primeng/floatlabel": {
      "src": "../../../../../node_modules/primeng/fesm2022/primeng-floatlabel.mjs",
      "file": "primeng_floatlabel.js",
      "fileHash": "efabbcab",
      "needsInterop": false
    },
    "primeng/inputgroup": {
      "src": "../../../../../node_modules/primeng/fesm2022/primeng-inputgroup.mjs",
      "file": "primeng_inputgroup.js",
      "fileHash": "94b69ac5",
      "needsInterop": false
    },
    "primeng/inputgroupaddon": {
      "src": "../../../../../node_modules/primeng/fesm2022/primeng-inputgroupaddon.mjs",
      "file": "primeng_inputgroupaddon.js",
      "fileHash": "c18bdd5c",
      "needsInterop": false
    },
    "primeng/inputtext": {
      "src": "../../../../../node_modules/primeng/fesm2022/primeng-inputtext.mjs",
      "file": "primeng_inputtext.js",
      "fileHash": "35dd4378",
      "needsInterop": false
    },
    "primeng/menu": {
      "src": "../../../../../node_modules/primeng/fesm2022/primeng-menu.mjs",
      "file": "primeng_menu.js",
      "fileHash": "fca11c52",
      "needsInterop": false
    },
    "primeng/messages": {
      "src": "../../../../../node_modules/primeng/fesm2022/primeng-messages.mjs",
      "file": "primeng_messages.js",
      "fileHash": "9cfed43b",
      "needsInterop": false
    },
    "primeng/ripple": {
      "src": "../../../../../node_modules/primeng/fesm2022/primeng-ripple.mjs",
      "file": "primeng_ripple.js",
      "fileHash": "42d7f196",
      "needsInterop": false
    },
    "primeng/sidebar": {
      "src": "../../../../../node_modules/primeng/fesm2022/primeng-sidebar.mjs",
      "file": "primeng_sidebar.js",
      "fileHash": "40d7a0fb",
      "needsInterop": false
    },
    "primeng/table": {
      "src": "../../../../../node_modules/primeng/fesm2022/primeng-table.mjs",
      "file": "primeng_table.js",
      "fileHash": "daa964af",
      "needsInterop": false
    },
    "primeng/toast": {
      "src": "../../../../../node_modules/primeng/fesm2022/primeng-toast.mjs",
      "file": "primeng_toast.js",
      "fileHash": "290f0ef5",
      "needsInterop": false
    },
    "primeng/tooltip": {
      "src": "../../../../../node_modules/primeng/fesm2022/primeng-tooltip.mjs",
      "file": "primeng_tooltip.js",
      "fileHash": "156701a1",
      "needsInterop": false
    },
    "rxjs/operators": {
      "src": "../../../../../node_modules/rxjs/dist/esm5/operators/index.js",
      "file": "rxjs_operators.js",
      "fileHash": "76d5381f",
      "needsInterop": false
    },
    "primeng/iconfield": {
      "src": "../../../../../node_modules/primeng/fesm2022/primeng-iconfield.mjs",
      "file": "primeng_iconfield.js",
      "fileHash": "2b6eb194",
      "needsInterop": false
    },
    "primeng/inputicon": {
      "src": "../../../../../node_modules/primeng/fesm2022/primeng-inputicon.mjs",
      "file": "primeng_inputicon.js",
      "fileHash": "ffa47cd2",
      "needsInterop": false
    },
    "rxjs": {
      "src": "../../../../../node_modules/rxjs/dist/esm5/index.js",
      "file": "rxjs.js",
      "fileHash": "eafd5ca2",
      "needsInterop": false
    },
    "primeng/chart": {
      "src": "../../../../../node_modules/primeng/fesm2022/primeng-chart.mjs",
      "file": "primeng_chart.js",
      "fileHash": "b0d60ee6",
      "needsInterop": false
    },
    "primeng/calendar": {
      "src": "../../../../../node_modules/primeng/fesm2022/primeng-calendar.mjs",
      "file": "primeng_calendar.js",
      "fileHash": "3295dc82",
      "needsInterop": false
    }
  },
  "chunks": {
    "chunk-FYJMPW2H": {
      "file": "chunk-FYJMPW2H.js"
    },
    "chunk-HCNM5ULV": {
      "file": "chunk-HCNM5ULV.js"
    },
    "chunk-23MGTJJ7": {
      "file": "chunk-23MGTJJ7.js"
    },
    "chunk-SRRQVUU5": {
      "file": "chunk-SRRQVUU5.js"
    },
    "chunk-LF3TWEMI": {
      "file": "chunk-LF3TWEMI.js"
    },
    "chunk-KG5V663U": {
      "file": "chunk-KG5V663U.js"
    },
    "chunk-ASKTDV67": {
      "file": "chunk-ASKTDV67.js"
    },
    "chunk-3XOK5XPX": {
      "file": "chunk-3XOK5XPX.js"
    },
    "chunk-2XD6ITC3": {
      "file": "chunk-2XD6ITC3.js"
    },
    "chunk-LOS6IAGJ": {
      "file": "chunk-LOS6IAGJ.js"
    },
    "chunk-VUNCECL2": {
      "file": "chunk-VUNCECL2.js"
    },
    "chunk-LWJUAPZK": {
      "file": "chunk-LWJUAPZK.js"
    },
    "chunk-IHFNFKC5": {
      "file": "chunk-IHFNFKC5.js"
    },
    "chunk-WUUABVBT": {
      "file": "chunk-WUUABVBT.js"
    },
    "chunk-TPOYSBIK": {
      "file": "chunk-TPOYSBIK.js"
    },
    "chunk-G34IFAOL": {
      "file": "chunk-G34IFAOL.js"
    },
    "chunk-QU7AFVGG": {
      "file": "chunk-QU7AFVGG.js"
    },
    "chunk-ZNGCY7OR": {
      "file": "chunk-ZNGCY7OR.js"
    },
    "chunk-Q2B4BD6J": {
      "file": "chunk-Q2B4BD6J.js"
    },
    "chunk-HE5PWX4F": {
      "file": "chunk-HE5PWX4F.js"
    },
    "chunk-4XBA7G65": {
      "file": "chunk-4XBA7G65.js"
    },
    "chunk-D3IQWCZR": {
      "file": "chunk-D3IQWCZR.js"
    },
    "chunk-SZQPEDTI": {
      "file": "chunk-SZQPEDTI.js"
    },
    "chunk-PIQKY2LV": {
      "file": "chunk-PIQKY2LV.js"
    },
    "chunk-Q3R3BXB2": {
      "file": "chunk-Q3R3BXB2.js"
    }
  }
}