{
  "hash": "16ca633b",
  "configHash": "3c8821a4",
  "lockfileHash": "e9afa658",
  "browserHash": "52b88f21",
  "optimized": {
    "@angular/animations": {
      "src": "../../../../../node_modules/@angular/animations/fesm2022/animations.mjs",
      "file": "@angular_animations.js",
      "fileHash": "bb8f627c",
      "needsInterop": false
    },
    "@angular/common": {
      "src": "../../../../../node_modules/@angular/common/fesm2022/common.mjs",
      "file": "@angular_common.js",
      "fileHash": "55b5c319",
      "needsInterop": false
    },
    "@angular/common/http": {
      "src": "../../../../../node_modules/@angular/common/fesm2022/http.mjs",
      "file": "@angular_common_http.js",
      "fileHash": "7fa380ae",
      "needsInterop": false
    },
    "@angular/core": {
      "src": "../../../../../node_modules/@angular/core/fesm2022/core.mjs",
      "file": "@angular_core.js",
      "fileHash": "1b628d1e",
      "needsInterop": false
    },
    "@angular/forms": {
      "src": "../../../../../node_modules/@angular/forms/fesm2022/forms.mjs",
      "file": "@angular_forms.js",
      "fileHash": "56511c2c",
      "needsInterop": false
    },
    "@angular/platform-browser": {
      "src": "../../../../../node_modules/@angular/platform-browser/fesm2022/platform-browser.mjs",
      "file": "@angular_platform-browser.js",
      "fileHash": "7aafce19",
      "needsInterop": false
    },
    "@angular/platform-browser/animations": {
      "src": "../../../../../node_modules/@angular/platform-browser/fesm2022/animations.mjs",
      "file": "@angular_platform-browser_animations.js",
      "fileHash": "b3853680",
      "needsInterop": false
    },
    "@angular/router": {
      "src": "../../../../../node_modules/@angular/router/fesm2022/router.mjs",
      "file": "@angular_router.js",
      "fileHash": "c63d5146",
      "needsInterop": false
    },
    "primeng/button": {
      "src": "../../../../../node_modules/primeng/fesm2022/primeng-button.mjs",
      "file": "primeng_button.js",
      "fileHash": "48d1a4da",
      "needsInterop": false
    },
    "primeng/dialog": {
      "src": "../../../../../node_modules/primeng/fesm2022/primeng-dialog.mjs",
      "file": "primeng_dialog.js",
      "fileHash": "44c52950",
      "needsInterop": false
    },
    "primeng/inputtext": {
      "src": "../../../../../node_modules/primeng/fesm2022/primeng-inputtext.mjs",
      "file": "primeng_inputtext.js",
      "fileHash": "673f98d0",
      "needsInterop": false
    },
    "primeng/tooltip": {
      "src": "../../../../../node_modules/primeng/fesm2022/primeng-tooltip.mjs",
      "file": "primeng_tooltip.js",
      "fileHash": "82754e4c",
      "needsInterop": false
    },
    "rxjs": {
      "src": "../../../../../node_modules/rxjs/dist/esm5/index.js",
      "file": "rxjs.js",
      "fileHash": "71b6ae2b",
      "needsInterop": false
    }
  },
  "chunks": {
    "chunk-6VFZ53QA": {
      "file": "chunk-6VFZ53QA.js"
    },
    "chunk-DS2V727M": {
      "file": "chunk-DS2V727M.js"
    },
    "chunk-6DSNYIH4": {
      "file": "chunk-6DSNYIH4.js"
    },
    "chunk-6JNPZ5CT": {
      "file": "chunk-6JNPZ5CT.js"
    },
    "chunk-QU7AFVGG": {
      "file": "chunk-QU7AFVGG.js"
    },
    "chunk-ZJVYYKCX": {
      "file": "chunk-ZJVYYKCX.js"
    },
    "chunk-NEZ32UOM": {
      "file": "chunk-NEZ32UOM.js"
    },
    "chunk-3GXVZPYI": {
      "file": "chunk-3GXVZPYI.js"
    },
    "chunk-VZD2ANCY": {
      "file": "chunk-VZD2ANCY.js"
    },
    "chunk-2CVCC5YH": {
      "file": "chunk-2CVCC5YH.js"
    }
  }
}