{
  "hash": "018d012a",
  "configHash": "2f6c1beb",
  "lockfileHash": "781fee37",
  "browserHash": "a4d44671",
  "optimized": {
    "@angular/common/http": {
      "src": "../../../../../node_modules/@angular/common/fesm2022/http.mjs",
      "file": "@angular_common_http.js",
      "fileHash": "827ea0c4",
      "needsInterop": false
    },
    "@angular/core": {
      "src": "../../../../../node_modules/@angular/core/fesm2022/core.mjs",
      "file": "@angular_core.js",
      "fileHash": "368802a1",
      "needsInterop": false
    },
    "@angular/platform-browser": {
      "src": "../../../../../node_modules/@angular/platform-browser/fesm2022/platform-browser.mjs",
      "file": "@angular_platform-browser.js",
      "fileHash": "c347f046",
      "needsInterop": false
    },
    "rxjs": {
      "src": "../../../../../node_modules/rxjs/dist/esm5/index.js",
      "file": "rxjs.js",
      "fileHash": "e7c2fb2a",
      "needsInterop": false
    }
  },
  "chunks": {
    "chunk-JLTIED2S": {
      "file": "chunk-JLTIED2S.js"
    },
    "chunk-52CZFGXD": {
      "file": "chunk-52CZFGXD.js"
    },
    "chunk-YTR4LZ5T": {
      "file": "chunk-YTR4LZ5T.js"
    }
  }
}