{
  "hash": "f3c74e2e",
  "configHash": "ecf8a149",
  "lockfileHash": "289c8d4d",
  "browserHash": "5e0e895d",
  "optimized": {
    "@angular/common": {
      "src": "../../../../../node_modules/@angular/common/fesm2022/common.mjs",
      "file": "@angular_common.js",
      "fileHash": "1b64a6dc",
      "needsInterop": false
    },
    "@angular/core": {
      "src": "../../../../../node_modules/@angular/core/fesm2022/core.mjs",
      "file": "@angular_core.js",
      "fileHash": "c0acb07d",
      "needsInterop": false
    },
    "@angular/platform-browser": {
      "src": "../../../../../node_modules/@angular/platform-browser/fesm2022/platform-browser.mjs",
      "file": "@angular_platform-browser.js",
      "fileHash": "b8542945",
      "needsInterop": false
    },
    "@angular/router": {
      "src": "../../../../../node_modules/@angular/router/fesm2022/router.mjs",
      "file": "@angular_router.js",
      "fileHash": "cfa1dc71",
      "needsInterop": false
    }
  },
  "chunks": {
    "chunk-CIE6HUL6": {
      "file": "chunk-CIE6HUL6.js"
    },
    "chunk-OCVCKTA5": {
      "file": "chunk-OCVCKTA5.js"
    },
    "chunk-27UNLR53": {
      "file": "chunk-27UNLR53.js"
    }
  }
}