{
  "hash": "a37069e5",
  "configHash": "94358570",
  "lockfileHash": "e9afa658",
  "browserHash": "9830ffac",
  "optimized": {
    "@angular/common": {
      "src": "../../../../../node_modules/@angular/common/fesm2022/common.mjs",
      "file": "@angular_common.js",
      "fileHash": "b90d4ad8",
      "needsInterop": false
    },
    "@angular/common/http": {
      "src": "../../../../../node_modules/@angular/common/fesm2022/http.mjs",
      "file": "@angular_common_http.js",
      "fileHash": "22220b9c",
      "needsInterop": false
    },
    "@angular/core": {
      "src": "../../../../../node_modules/@angular/core/fesm2022/core.mjs",
      "file": "@angular_core.js",
      "fileHash": "04d38a40",
      "needsInterop": false
    },
    "@angular/forms": {
      "src": "../../../../../node_modules/@angular/forms/fesm2022/forms.mjs",
      "file": "@angular_forms.js",
      "fileHash": "d858475f",
      "needsInterop": false
    },
    "@angular/platform-browser": {
      "src": "../../../../../node_modules/@angular/platform-browser/fesm2022/platform-browser.mjs",
      "file": "@angular_platform-browser.js",
      "fileHash": "06b55eb9",
      "needsInterop": false
    },
    "@angular/platform-browser/animations": {
      "src": "../../../../../node_modules/@angular/platform-browser/fesm2022/animations.mjs",
      "file": "@angular_platform-browser_animations.js",
      "fileHash": "87f7b7c4",
      "needsInterop": false
    },
    "@angular/router": {
      "src": "../../../../../node_modules/@angular/router/fesm2022/router.mjs",
      "file": "@angular_router.js",
      "fileHash": "82445170",
      "needsInterop": false
    },
    "primeng/api": {
      "src": "../../../../../node_modules/primeng/fesm2022/primeng-api.mjs",
      "file": "primeng_api.js",
      "fileHash": "f955f9b5",
      "needsInterop": false
    },
    "primeng/breadcrumb": {
      "src": "../../../../../node_modules/primeng/fesm2022/primeng-breadcrumb.mjs",
      "file": "primeng_breadcrumb.js",
      "fileHash": "e6cd45a4",
      "needsInterop": false
    },
    "primeng/button": {
      "src": "../../../../../node_modules/primeng/fesm2022/primeng-button.mjs",
      "file": "primeng_button.js",
      "fileHash": "55bbd331",
      "needsInterop": false
    },
    "primeng/confirmdialog": {
      "src": "../../../../../node_modules/primeng/fesm2022/primeng-confirmdialog.mjs",
      "file": "primeng_confirmdialog.js",
      "fileHash": "ee32fc28",
      "needsInterop": false
    },
    "primeng/dialog": {
      "src": "../../../../../node_modules/primeng/fesm2022/primeng-dialog.mjs",
      "file": "primeng_dialog.js",
      "fileHash": "798df33a",
      "needsInterop": false
    },
    "primeng/dropdown": {
      "src": "../../../../../node_modules/primeng/fesm2022/primeng-dropdown.mjs",
      "file": "primeng_dropdown.js",
      "fileHash": "a03b0990",
      "needsInterop": false
    },
    "primeng/floatlabel": {
      "src": "../../../../../node_modules/primeng/fesm2022/primeng-floatlabel.mjs",
      "file": "primeng_floatlabel.js",
      "fileHash": "19dd1bf3",
      "needsInterop": false
    },
    "primeng/inputgroup": {
      "src": "../../../../../node_modules/primeng/fesm2022/primeng-inputgroup.mjs",
      "file": "primeng_inputgroup.js",
      "fileHash": "f084c2f0",
      "needsInterop": false
    },
    "primeng/inputgroupaddon": {
      "src": "../../../../../node_modules/primeng/fesm2022/primeng-inputgroupaddon.mjs",
      "file": "primeng_inputgroupaddon.js",
      "fileHash": "14d9881b",
      "needsInterop": false
    },
    "primeng/inputtext": {
      "src": "../../../../../node_modules/primeng/fesm2022/primeng-inputtext.mjs",
      "file": "primeng_inputtext.js",
      "fileHash": "833265d7",
      "needsInterop": false
    },
    "primeng/menu": {
      "src": "../../../../../node_modules/primeng/fesm2022/primeng-menu.mjs",
      "file": "primeng_menu.js",
      "fileHash": "4f015aca",
      "needsInterop": false
    },
    "primeng/messages": {
      "src": "../../../../../node_modules/primeng/fesm2022/primeng-messages.mjs",
      "file": "primeng_messages.js",
      "fileHash": "fa1f01f4",
      "needsInterop": false
    },
    "primeng/ripple": {
      "src": "../../../../../node_modules/primeng/fesm2022/primeng-ripple.mjs",
      "file": "primeng_ripple.js",
      "fileHash": "11a12bb7",
      "needsInterop": false
    },
    "primeng/sidebar": {
      "src": "../../../../../node_modules/primeng/fesm2022/primeng-sidebar.mjs",
      "file": "primeng_sidebar.js",
      "fileHash": "e70aeb0a",
      "needsInterop": false
    },
    "primeng/table": {
      "src": "../../../../../node_modules/primeng/fesm2022/primeng-table.mjs",
      "file": "primeng_table.js",
      "fileHash": "56d7babc",
      "needsInterop": false
    },
    "primeng/toast": {
      "src": "../../../../../node_modules/primeng/fesm2022/primeng-toast.mjs",
      "file": "primeng_toast.js",
      "fileHash": "609015b8",
      "needsInterop": false
    },
    "primeng/tooltip": {
      "src": "../../../../../node_modules/primeng/fesm2022/primeng-tooltip.mjs",
      "file": "primeng_tooltip.js",
      "fileHash": "e7c05194",
      "needsInterop": false
    },
    "rxjs/operators": {
      "src": "../../../../../node_modules/rxjs/dist/esm5/operators/index.js",
      "file": "rxjs_operators.js",
      "fileHash": "bebf3348",
      "needsInterop": false
    }
  },
  "chunks": {
    "chunk-5LRN7QEG": {
      "file": "chunk-5LRN7QEG.js"
    },
    "chunk-Q57REUQT": {
      "file": "chunk-Q57REUQT.js"
    },
    "chunk-HELT3U7Q": {
      "file": "chunk-HELT3U7Q.js"
    },
    "chunk-SZOE54VC": {
      "file": "chunk-SZOE54VC.js"
    },
    "chunk-QJ3RGXVZ": {
      "file": "chunk-QJ3RGXVZ.js"
    },
    "chunk-SY2Q6M4E": {
      "file": "chunk-SY2Q6M4E.js"
    },
    "chunk-NQZO35FU": {
      "file": "chunk-NQZO35FU.js"
    },
    "chunk-S4R7RPL3": {
      "file": "chunk-S4R7RPL3.js"
    },
    "chunk-TTMDRAN3": {
      "file": "chunk-TTMDRAN3.js"
    },
    "chunk-5RGZVCEQ": {
      "file": "chunk-5RGZVCEQ.js"
    },
    "chunk-OTVVUGPM": {
      "file": "chunk-OTVVUGPM.js"
    },
    "chunk-YMPYEK3I": {
      "file": "chunk-YMPYEK3I.js"
    },
    "chunk-V6TXZSTR": {
      "file": "chunk-V6TXZSTR.js"
    },
    "chunk-5TPT74BM": {
      "file": "chunk-5TPT74BM.js"
    },
    "chunk-U6VRYB5D": {
      "file": "chunk-U6VRYB5D.js"
    },
    "chunk-BJ3RULPZ": {
      "file": "chunk-BJ3RULPZ.js"
    },
    "chunk-QU7AFVGG": {
      "file": "chunk-QU7AFVGG.js"
    },
    "chunk-4BEQS6LP": {
      "file": "chunk-4BEQS6LP.js"
    },
    "chunk-W5BY6WIP": {
      "file": "chunk-W5BY6WIP.js"
    },
    "chunk-E7PIFXUZ": {
      "file": "chunk-E7PIFXUZ.js"
    },
    "chunk-Q3ZLBCLD": {
      "file": "chunk-Q3ZLBCLD.js"
    }
  }
}