{
  "hash": "b91fcbe4",
  "configHash": "aa9aeb86",
  "lockfileHash": "e9afa658",
  "browserHash": "056bb436",
  "optimized": {
    "@angular/common": {
      "src": "../../../../../node_modules/@angular/common/fesm2022/common.mjs",
      "file": "@angular_common.js",
      "fileHash": "6b1bcef2",
      "needsInterop": false
    },
    "@angular/common/http": {
      "src": "../../../../../node_modules/@angular/common/fesm2022/http.mjs",
      "file": "@angular_common_http.js",
      "fileHash": "66bc3b0f",
      "needsInterop": false
    },
    "@angular/core": {
      "src": "../../../../../node_modules/@angular/core/fesm2022/core.mjs",
      "file": "@angular_core.js",
      "fileHash": "6537efc2",
      "needsInterop": false
    },
    "@angular/forms": {
      "src": "../../../../../node_modules/@angular/forms/fesm2022/forms.mjs",
      "file": "@angular_forms.js",
      "fileHash": "0b280c32",
      "needsInterop": false
    },
    "@angular/platform-browser": {
      "src": "../../../../../node_modules/@angular/platform-browser/fesm2022/platform-browser.mjs",
      "file": "@angular_platform-browser.js",
      "fileHash": "a6f3816b",
      "needsInterop": false
    },
    "@angular/platform-browser/animations": {
      "src": "../../../../../node_modules/@angular/platform-browser/fesm2022/animations.mjs",
      "file": "@angular_platform-browser_animations.js",
      "fileHash": "8f3c1441",
      "needsInterop": false
    },
    "@angular/router": {
      "src": "../../../../../node_modules/@angular/router/fesm2022/router.mjs",
      "file": "@angular_router.js",
      "fileHash": "e2127939",
      "needsInterop": false
    },
    "primeng/api": {
      "src": "../../../../../node_modules/primeng/fesm2022/primeng-api.mjs",
      "file": "primeng_api.js",
      "fileHash": "c266be52",
      "needsInterop": false
    },
    "primeng/breadcrumb": {
      "src": "../../../../../node_modules/primeng/fesm2022/primeng-breadcrumb.mjs",
      "file": "primeng_breadcrumb.js",
      "fileHash": "eeaea1f0",
      "needsInterop": false
    },
    "primeng/button": {
      "src": "../../../../../node_modules/primeng/fesm2022/primeng-button.mjs",
      "file": "primeng_button.js",
      "fileHash": "d6c067b1",
      "needsInterop": false
    },
    "primeng/confirmdialog": {
      "src": "../../../../../node_modules/primeng/fesm2022/primeng-confirmdialog.mjs",
      "file": "primeng_confirmdialog.js",
      "fileHash": "917ae435",
      "needsInterop": false
    },
    "primeng/dialog": {
      "src": "../../../../../node_modules/primeng/fesm2022/primeng-dialog.mjs",
      "file": "primeng_dialog.js",
      "fileHash": "3e791013",
      "needsInterop": false
    },
    "primeng/dropdown": {
      "src": "../../../../../node_modules/primeng/fesm2022/primeng-dropdown.mjs",
      "file": "primeng_dropdown.js",
      "fileHash": "0d939552",
      "needsInterop": false
    },
    "primeng/floatlabel": {
      "src": "../../../../../node_modules/primeng/fesm2022/primeng-floatlabel.mjs",
      "file": "primeng_floatlabel.js",
      "fileHash": "75be9ab7",
      "needsInterop": false
    },
    "primeng/inputgroup": {
      "src": "../../../../../node_modules/primeng/fesm2022/primeng-inputgroup.mjs",
      "file": "primeng_inputgroup.js",
      "fileHash": "f03a734c",
      "needsInterop": false
    },
    "primeng/inputgroupaddon": {
      "src": "../../../../../node_modules/primeng/fesm2022/primeng-inputgroupaddon.mjs",
      "file": "primeng_inputgroupaddon.js",
      "fileHash": "79c4d208",
      "needsInterop": false
    },
    "primeng/inputtext": {
      "src": "../../../../../node_modules/primeng/fesm2022/primeng-inputtext.mjs",
      "file": "primeng_inputtext.js",
      "fileHash": "4d36485c",
      "needsInterop": false
    },
    "primeng/menu": {
      "src": "../../../../../node_modules/primeng/fesm2022/primeng-menu.mjs",
      "file": "primeng_menu.js",
      "fileHash": "6207b8dd",
      "needsInterop": false
    },
    "primeng/messages": {
      "src": "../../../../../node_modules/primeng/fesm2022/primeng-messages.mjs",
      "file": "primeng_messages.js",
      "fileHash": "c080aed4",
      "needsInterop": false
    },
    "primeng/ripple": {
      "src": "../../../../../node_modules/primeng/fesm2022/primeng-ripple.mjs",
      "file": "primeng_ripple.js",
      "fileHash": "b4363495",
      "needsInterop": false
    },
    "primeng/table": {
      "src": "../../../../../node_modules/primeng/fesm2022/primeng-table.mjs",
      "file": "primeng_table.js",
      "fileHash": "08876951",
      "needsInterop": false
    },
    "primeng/toast": {
      "src": "../../../../../node_modules/primeng/fesm2022/primeng-toast.mjs",
      "file": "primeng_toast.js",
      "fileHash": "2d8a8f6d",
      "needsInterop": false
    },
    "rxjs/operators": {
      "src": "../../../../../node_modules/rxjs/dist/esm5/operators/index.js",
      "file": "rxjs_operators.js",
      "fileHash": "e2a6e225",
      "needsInterop": false
    },
    "tslib": {
      "src": "../../../../../node_modules/tslib/tslib.es6.mjs",
      "file": "tslib.js",
      "fileHash": "15016565",
      "needsInterop": false
    },
    "primeng/sidebar": {
      "src": "../../../../../node_modules/primeng/fesm2022/primeng-sidebar.mjs",
      "file": "primeng_sidebar.js",
      "fileHash": "647cc135",
      "needsInterop": false
    }
  },
  "chunks": {
    "chunk-3DYS7CJ5": {
      "file": "chunk-3DYS7CJ5.js"
    },
    "chunk-XVDQZLY4": {
      "file": "chunk-XVDQZLY4.js"
    },
    "chunk-QBZHPOFM": {
      "file": "chunk-QBZHPOFM.js"
    },
    "chunk-TNQKRXMZ": {
      "file": "chunk-TNQKRXMZ.js"
    },
    "chunk-HZLC533R": {
      "file": "chunk-HZLC533R.js"
    },
    "chunk-ZP5UWALB": {
      "file": "chunk-ZP5UWALB.js"
    },
    "chunk-KQAVZLWB": {
      "file": "chunk-KQAVZLWB.js"
    },
    "chunk-PZCNTU33": {
      "file": "chunk-PZCNTU33.js"
    },
    "chunk-ALILHFGJ": {
      "file": "chunk-ALILHFGJ.js"
    },
    "chunk-OVVNIRU7": {
      "file": "chunk-OVVNIRU7.js"
    },
    "chunk-GD5YHNIK": {
      "file": "chunk-GD5YHNIK.js"
    },
    "chunk-M7N4HEYF": {
      "file": "chunk-M7N4HEYF.js"
    },
    "chunk-BM3QBFIR": {
      "file": "chunk-BM3QBFIR.js"
    },
    "chunk-E3FELGXA": {
      "file": "chunk-E3FELGXA.js"
    },
    "chunk-QU7AFVGG": {
      "file": "chunk-QU7AFVGG.js"
    },
    "chunk-BZ4K52LW": {
      "file": "chunk-BZ4K52LW.js"
    },
    "chunk-UD4BWIUR": {
      "file": "chunk-UD4BWIUR.js"
    },
    "chunk-STUSSFAV": {
      "file": "chunk-STUSSFAV.js"
    },
    "chunk-5NEEF7MH": {
      "file": "chunk-5NEEF7MH.js"
    },
    "chunk-DFLDKXZR": {
      "file": "chunk-DFLDKXZR.js"
    },
    "chunk-TKZSXASO": {
      "file": "chunk-TKZSXASO.js"
    },
    "chunk-XKUCMAFN": {
      "file": "chunk-XKUCMAFN.js"
    }
  }
}