{
  "hash": "eba122bd",
  "configHash": "89d9574c",
  "lockfileHash": "0a13cc7e",
  "browserHash": "8344351f",
  "optimized": {
    "@angular/common": {
      "src": "../../../../../node_modules/@angular/common/fesm2022/common.mjs",
      "file": "@angular_common.js",
      "fileHash": "8535b324",
      "needsInterop": false
    },
    "@angular/common/http": {
      "src": "../../../../../node_modules/@angular/common/fesm2022/http.mjs",
      "file": "@angular_common_http.js",
      "fileHash": "ec041e85",
      "needsInterop": false
    },
    "@angular/core": {
      "src": "../../../../../node_modules/@angular/core/fesm2022/core.mjs",
      "file": "@angular_core.js",
      "fileHash": "3c264434",
      "needsInterop": false
    },
    "@angular/forms": {
      "src": "../../../../../node_modules/@angular/forms/fesm2022/forms.mjs",
      "file": "@angular_forms.js",
      "fileHash": "acf36223",
      "needsInterop": false
    },
    "@angular/platform-browser": {
      "src": "../../../../../node_modules/@angular/platform-browser/fesm2022/platform-browser.mjs",
      "file": "@angular_platform-browser.js",
      "fileHash": "682f1d77",
      "needsInterop": false
    },
    "@angular/platform-browser/animations": {
      "src": "../../../../../node_modules/@angular/platform-browser/fesm2022/animations.mjs",
      "file": "@angular_platform-browser_animations.js",
      "fileHash": "01077b3a",
      "needsInterop": false
    },
    "@angular/router": {
      "src": "../../../../../node_modules/@angular/router/fesm2022/router.mjs",
      "file": "@angular_router.js",
      "fileHash": "76bd412f",
      "needsInterop": false
    },
    "primeng/api": {
      "src": "../../../../../node_modules/primeng/fesm2022/primeng-api.mjs",
      "file": "primeng_api.js",
      "fileHash": "e3d5b908",
      "needsInterop": false
    },
    "primeng/breadcrumb": {
      "src": "../../../../../node_modules/primeng/fesm2022/primeng-breadcrumb.mjs",
      "file": "primeng_breadcrumb.js",
      "fileHash": "91279ea5",
      "needsInterop": false
    },
    "primeng/button": {
      "src": "../../../../../node_modules/primeng/fesm2022/primeng-button.mjs",
      "file": "primeng_button.js",
      "fileHash": "c3b93a9c",
      "needsInterop": false
    },
    "primeng/calendar": {
      "src": "../../../../../node_modules/primeng/fesm2022/primeng-calendar.mjs",
      "file": "primeng_calendar.js",
      "fileHash": "f19c6835",
      "needsInterop": false
    },
    "primeng/chart": {
      "src": "../../../../../node_modules/primeng/fesm2022/primeng-chart.mjs",
      "file": "primeng_chart.js",
      "fileHash": "81744fd2",
      "needsInterop": false
    },
    "primeng/chip": {
      "src": "../../../../../node_modules/primeng/fesm2022/primeng-chip.mjs",
      "file": "primeng_chip.js",
      "fileHash": "c3e7f6af",
      "needsInterop": false
    },
    "primeng/confirmdialog": {
      "src": "../../../../../node_modules/primeng/fesm2022/primeng-confirmdialog.mjs",
      "file": "primeng_confirmdialog.js",
      "fileHash": "4a070aa5",
      "needsInterop": false
    },
    "primeng/confirmpopup": {
      "src": "../../../../../node_modules/primeng/fesm2022/primeng-confirmpopup.mjs",
      "file": "primeng_confirmpopup.js",
      "fileHash": "358f791d",
      "needsInterop": false
    },
    "primeng/dialog": {
      "src": "../../../../../node_modules/primeng/fesm2022/primeng-dialog.mjs",
      "file": "primeng_dialog.js",
      "fileHash": "8f7452a7",
      "needsInterop": false
    },
    "primeng/dropdown": {
      "src": "../../../../../node_modules/primeng/fesm2022/primeng-dropdown.mjs",
      "file": "primeng_dropdown.js",
      "fileHash": "58b8affb",
      "needsInterop": false
    },
    "primeng/floatlabel": {
      "src": "../../../../../node_modules/primeng/fesm2022/primeng-floatlabel.mjs",
      "file": "primeng_floatlabel.js",
      "fileHash": "b0c46c91",
      "needsInterop": false
    },
    "primeng/iconfield": {
      "src": "../../../../../node_modules/primeng/fesm2022/primeng-iconfield.mjs",
      "file": "primeng_iconfield.js",
      "fileHash": "d3809200",
      "needsInterop": false
    },
    "primeng/inputgroup": {
      "src": "../../../../../node_modules/primeng/fesm2022/primeng-inputgroup.mjs",
      "file": "primeng_inputgroup.js",
      "fileHash": "d2ebbbe7",
      "needsInterop": false
    },
    "primeng/inputgroupaddon": {
      "src": "../../../../../node_modules/primeng/fesm2022/primeng-inputgroupaddon.mjs",
      "file": "primeng_inputgroupaddon.js",
      "fileHash": "a44a09e4",
      "needsInterop": false
    },
    "primeng/inputicon": {
      "src": "../../../../../node_modules/primeng/fesm2022/primeng-inputicon.mjs",
      "file": "primeng_inputicon.js",
      "fileHash": "fa4b1383",
      "needsInterop": false
    },
    "primeng/inputtext": {
      "src": "../../../../../node_modules/primeng/fesm2022/primeng-inputtext.mjs",
      "file": "primeng_inputtext.js",
      "fileHash": "7e054841",
      "needsInterop": false
    },
    "primeng/menu": {
      "src": "../../../../../node_modules/primeng/fesm2022/primeng-menu.mjs",
      "file": "primeng_menu.js",
      "fileHash": "e0283360",
      "needsInterop": false
    },
    "primeng/messages": {
      "src": "../../../../../node_modules/primeng/fesm2022/primeng-messages.mjs",
      "file": "primeng_messages.js",
      "fileHash": "3bf43f35",
      "needsInterop": false
    },
    "primeng/progressspinner": {
      "src": "../../../../../node_modules/primeng/fesm2022/primeng-progressspinner.mjs",
      "file": "primeng_progressspinner.js",
      "fileHash": "5c07a048",
      "needsInterop": false
    },
    "primeng/ripple": {
      "src": "../../../../../node_modules/primeng/fesm2022/primeng-ripple.mjs",
      "file": "primeng_ripple.js",
      "fileHash": "f198b320",
      "needsInterop": false
    },
    "primeng/sidebar": {
      "src": "../../../../../node_modules/primeng/fesm2022/primeng-sidebar.mjs",
      "file": "primeng_sidebar.js",
      "fileHash": "6eb94835",
      "needsInterop": false
    },
    "primeng/splitbutton": {
      "src": "../../../../../node_modules/primeng/fesm2022/primeng-splitbutton.mjs",
      "file": "primeng_splitbutton.js",
      "fileHash": "1a1ace7a",
      "needsInterop": false
    },
    "primeng/table": {
      "src": "../../../../../node_modules/primeng/fesm2022/primeng-table.mjs",
      "file": "primeng_table.js",
      "fileHash": "dece65d9",
      "needsInterop": false
    },
    "primeng/tabmenu": {
      "src": "../../../../../node_modules/primeng/fesm2022/primeng-tabmenu.mjs",
      "file": "primeng_tabmenu.js",
      "fileHash": "ee205f10",
      "needsInterop": false
    },
    "primeng/toast": {
      "src": "../../../../../node_modules/primeng/fesm2022/primeng-toast.mjs",
      "file": "primeng_toast.js",
      "fileHash": "d0d97460",
      "needsInterop": false
    },
    "primeng/tooltip": {
      "src": "../../../../../node_modules/primeng/fesm2022/primeng-tooltip.mjs",
      "file": "primeng_tooltip.js",
      "fileHash": "948665a2",
      "needsInterop": false
    },
    "rxjs": {
      "src": "../../../../../node_modules/rxjs/dist/esm5/index.js",
      "file": "rxjs.js",
      "fileHash": "6c2f30e3",
      "needsInterop": false
    },
    "rxjs/operators": {
      "src": "../../../../../node_modules/rxjs/dist/esm5/operators/index.js",
      "file": "rxjs_operators.js",
      "fileHash": "868faddf",
      "needsInterop": false
    }
  },
  "chunks": {
    "chunk-Y4KBULZT": {
      "file": "chunk-Y4KBULZT.js"
    },
    "chunk-CQRE5XDH": {
      "file": "chunk-CQRE5XDH.js"
    },
    "chunk-AZFDJRX6": {
      "file": "chunk-AZFDJRX6.js"
    },
    "chunk-54DO77KQ": {
      "file": "chunk-54DO77KQ.js"
    },
    "chunk-ZOBLRCWN": {
      "file": "chunk-ZOBLRCWN.js"
    },
    "chunk-L7XTJJ5E": {
      "file": "chunk-L7XTJJ5E.js"
    },
    "chunk-RREX6HX2": {
      "file": "chunk-RREX6HX2.js"
    },
    "chunk-ASKTDV67": {
      "file": "chunk-ASKTDV67.js"
    },
    "chunk-SRRQVUU5": {
      "file": "chunk-SRRQVUU5.js"
    },
    "chunk-3XOK5XPX": {
      "file": "chunk-3XOK5XPX.js"
    },
    "chunk-VUNCECL2": {
      "file": "chunk-VUNCECL2.js"
    },
    "chunk-J7NAUXAT": {
      "file": "chunk-J7NAUXAT.js"
    },
    "chunk-TPOYSBIK": {
      "file": "chunk-TPOYSBIK.js"
    },
    "chunk-IHFNFKC5": {
      "file": "chunk-IHFNFKC5.js"
    },
    "chunk-NKPYBKW4": {
      "file": "chunk-NKPYBKW4.js"
    },
    "chunk-E3NDI66O": {
      "file": "chunk-E3NDI66O.js"
    },
    "chunk-SSRNIYDK": {
      "file": "chunk-SSRNIYDK.js"
    },
    "chunk-QU7AFVGG": {
      "file": "chunk-QU7AFVGG.js"
    },
    "chunk-G34IFAOL": {
      "file": "chunk-G34IFAOL.js"
    },
    "chunk-4XBA7G65": {
      "file": "chunk-4XBA7G65.js"
    },
    "chunk-LWJUAPZK": {
      "file": "chunk-LWJUAPZK.js"
    },
    "chunk-ZNGCY7OR": {
      "file": "chunk-ZNGCY7OR.js"
    },
    "chunk-Q2B4BD6J": {
      "file": "chunk-Q2B4BD6J.js"
    },
    "chunk-HE5PWX4F": {
      "file": "chunk-HE5PWX4F.js"
    },
    "chunk-D3IQWCZR": {
      "file": "chunk-D3IQWCZR.js"
    },
    "chunk-SZQPEDTI": {
      "file": "chunk-SZQPEDTI.js"
    },
    "chunk-PIQKY2LV": {
      "file": "chunk-PIQKY2LV.js"
    },
    "chunk-Q3R3BXB2": {
      "file": "chunk-Q3R3BXB2.js"
    }
  }
}