{
  "hash": "9d680d04",
  "configHash": "f8faaa18",
  "lockfileHash": "0a13cc7e",
  "browserHash": "6dd416eb",
  "optimized": {
    "@angular/common": {
      "src": "../../../../../node_modules/@angular/common/fesm2022/common.mjs",
      "file": "@angular_common.js",
      "fileHash": "0ab8a446",
      "needsInterop": false
    },
    "@angular/common/http": {
      "src": "../../../../../node_modules/@angular/common/fesm2022/http.mjs",
      "file": "@angular_common_http.js",
      "fileHash": "7c551ed4",
      "needsInterop": false
    },
    "@angular/core": {
      "src": "../../../../../node_modules/@angular/core/fesm2022/core.mjs",
      "file": "@angular_core.js",
      "fileHash": "8ca7f9fc",
      "needsInterop": false
    },
    "@angular/forms": {
      "src": "../../../../../node_modules/@angular/forms/fesm2022/forms.mjs",
      "file": "@angular_forms.js",
      "fileHash": "c160c999",
      "needsInterop": false
    },
    "@angular/platform-browser": {
      "src": "../../../../../node_modules/@angular/platform-browser/fesm2022/platform-browser.mjs",
      "file": "@angular_platform-browser.js",
      "fileHash": "941e4c1e",
      "needsInterop": false
    },
    "@angular/platform-browser/animations": {
      "src": "../../../../../node_modules/@angular/platform-browser/fesm2022/animations.mjs",
      "file": "@angular_platform-browser_animations.js",
      "fileHash": "f0be8bf5",
      "needsInterop": false
    },
    "@angular/router": {
      "src": "../../../../../node_modules/@angular/router/fesm2022/router.mjs",
      "file": "@angular_router.js",
      "fileHash": "9107c049",
      "needsInterop": false
    },
    "primeng/api": {
      "src": "../../../../../node_modules/primeng/fesm2022/primeng-api.mjs",
      "file": "primeng_api.js",
      "fileHash": "2a904240",
      "needsInterop": false
    },
    "primeng/breadcrumb": {
      "src": "../../../../../node_modules/primeng/fesm2022/primeng-breadcrumb.mjs",
      "file": "primeng_breadcrumb.js",
      "fileHash": "c61a9d68",
      "needsInterop": false
    },
    "primeng/button": {
      "src": "../../../../../node_modules/primeng/fesm2022/primeng-button.mjs",
      "file": "primeng_button.js",
      "fileHash": "64e20e05",
      "needsInterop": false
    },
    "primeng/calendar": {
      "src": "../../../../../node_modules/primeng/fesm2022/primeng-calendar.mjs",
      "file": "primeng_calendar.js",
      "fileHash": "6f71da19",
      "needsInterop": false
    },
    "primeng/chart": {
      "src": "../../../../../node_modules/primeng/fesm2022/primeng-chart.mjs",
      "file": "primeng_chart.js",
      "fileHash": "6a2e0aca",
      "needsInterop": false
    },
    "primeng/chip": {
      "src": "../../../../../node_modules/primeng/fesm2022/primeng-chip.mjs",
      "file": "primeng_chip.js",
      "fileHash": "146d9305",
      "needsInterop": false
    },
    "primeng/confirmdialog": {
      "src": "../../../../../node_modules/primeng/fesm2022/primeng-confirmdialog.mjs",
      "file": "primeng_confirmdialog.js",
      "fileHash": "2a1dbc2c",
      "needsInterop": false
    },
    "primeng/confirmpopup": {
      "src": "../../../../../node_modules/primeng/fesm2022/primeng-confirmpopup.mjs",
      "file": "primeng_confirmpopup.js",
      "fileHash": "eeea069c",
      "needsInterop": false
    },
    "primeng/dialog": {
      "src": "../../../../../node_modules/primeng/fesm2022/primeng-dialog.mjs",
      "file": "primeng_dialog.js",
      "fileHash": "612e4356",
      "needsInterop": false
    },
    "primeng/dropdown": {
      "src": "../../../../../node_modules/primeng/fesm2022/primeng-dropdown.mjs",
      "file": "primeng_dropdown.js",
      "fileHash": "f9264949",
      "needsInterop": false
    },
    "primeng/floatlabel": {
      "src": "../../../../../node_modules/primeng/fesm2022/primeng-floatlabel.mjs",
      "file": "primeng_floatlabel.js",
      "fileHash": "cff3bef6",
      "needsInterop": false
    },
    "primeng/iconfield": {
      "src": "../../../../../node_modules/primeng/fesm2022/primeng-iconfield.mjs",
      "file": "primeng_iconfield.js",
      "fileHash": "803941e7",
      "needsInterop": false
    },
    "primeng/inputgroup": {
      "src": "../../../../../node_modules/primeng/fesm2022/primeng-inputgroup.mjs",
      "file": "primeng_inputgroup.js",
      "fileHash": "f06d9d43",
      "needsInterop": false
    },
    "primeng/inputgroupaddon": {
      "src": "../../../../../node_modules/primeng/fesm2022/primeng-inputgroupaddon.mjs",
      "file": "primeng_inputgroupaddon.js",
      "fileHash": "26b634e5",
      "needsInterop": false
    },
    "primeng/inputicon": {
      "src": "../../../../../node_modules/primeng/fesm2022/primeng-inputicon.mjs",
      "file": "primeng_inputicon.js",
      "fileHash": "dc3bcac0",
      "needsInterop": false
    },
    "primeng/inputtext": {
      "src": "../../../../../node_modules/primeng/fesm2022/primeng-inputtext.mjs",
      "file": "primeng_inputtext.js",
      "fileHash": "1b531c47",
      "needsInterop": false
    },
    "primeng/menu": {
      "src": "../../../../../node_modules/primeng/fesm2022/primeng-menu.mjs",
      "file": "primeng_menu.js",
      "fileHash": "638ca07f",
      "needsInterop": false
    },
    "primeng/messages": {
      "src": "../../../../../node_modules/primeng/fesm2022/primeng-messages.mjs",
      "file": "primeng_messages.js",
      "fileHash": "bba2e84f",
      "needsInterop": false
    },
    "primeng/progressspinner": {
      "src": "../../../../../node_modules/primeng/fesm2022/primeng-progressspinner.mjs",
      "file": "primeng_progressspinner.js",
      "fileHash": "bed45bc8",
      "needsInterop": false
    },
    "primeng/ripple": {
      "src": "../../../../../node_modules/primeng/fesm2022/primeng-ripple.mjs",
      "file": "primeng_ripple.js",
      "fileHash": "8e5442a6",
      "needsInterop": false
    },
    "primeng/sidebar": {
      "src": "../../../../../node_modules/primeng/fesm2022/primeng-sidebar.mjs",
      "file": "primeng_sidebar.js",
      "fileHash": "2dfad2d4",
      "needsInterop": false
    },
    "primeng/splitbutton": {
      "src": "../../../../../node_modules/primeng/fesm2022/primeng-splitbutton.mjs",
      "file": "primeng_splitbutton.js",
      "fileHash": "91e0b98f",
      "needsInterop": false
    },
    "primeng/table": {
      "src": "../../../../../node_modules/primeng/fesm2022/primeng-table.mjs",
      "file": "primeng_table.js",
      "fileHash": "5401de41",
      "needsInterop": false
    },
    "primeng/tabmenu": {
      "src": "../../../../../node_modules/primeng/fesm2022/primeng-tabmenu.mjs",
      "file": "primeng_tabmenu.js",
      "fileHash": "0ecc7218",
      "needsInterop": false
    },
    "primeng/toast": {
      "src": "../../../../../node_modules/primeng/fesm2022/primeng-toast.mjs",
      "file": "primeng_toast.js",
      "fileHash": "8e2be720",
      "needsInterop": false
    },
    "primeng/tooltip": {
      "src": "../../../../../node_modules/primeng/fesm2022/primeng-tooltip.mjs",
      "file": "primeng_tooltip.js",
      "fileHash": "c7e9bfff",
      "needsInterop": false
    },
    "rxjs": {
      "src": "../../../../../node_modules/rxjs/dist/esm5/index.js",
      "file": "rxjs.js",
      "fileHash": "897dbba2",
      "needsInterop": false
    },
    "rxjs/operators": {
      "src": "../../../../../node_modules/rxjs/dist/esm5/operators/index.js",
      "file": "rxjs_operators.js",
      "fileHash": "d510560a",
      "needsInterop": false
    }
  },
  "chunks": {
    "chunk-CQRE5XDH": {
      "file": "chunk-CQRE5XDH.js"
    },
    "chunk-F2HJALT3": {
      "file": "chunk-F2HJALT3.js"
    },
    "chunk-IDA57GZZ": {
      "file": "chunk-IDA57GZZ.js"
    },
    "chunk-Y4KBULZT": {
      "file": "chunk-Y4KBULZT.js"
    },
    "chunk-ZOBLRCWN": {
      "file": "chunk-ZOBLRCWN.js"
    },
    "chunk-SRRQVUU5": {
      "file": "chunk-SRRQVUU5.js"
    },
    "chunk-C3I5252W": {
      "file": "chunk-C3I5252W.js"
    },
    "chunk-RREX6HX2": {
      "file": "chunk-RREX6HX2.js"
    },
    "chunk-ASKTDV67": {
      "file": "chunk-ASKTDV67.js"
    },
    "chunk-3XOK5XPX": {
      "file": "chunk-3XOK5XPX.js"
    },
    "chunk-VUNCECL2": {
      "file": "chunk-VUNCECL2.js"
    },
    "chunk-LWJUAPZK": {
      "file": "chunk-LWJUAPZK.js"
    },
    "chunk-NKPYBKW4": {
      "file": "chunk-NKPYBKW4.js"
    },
    "chunk-E3NDI66O": {
      "file": "chunk-E3NDI66O.js"
    },
    "chunk-SSRNIYDK": {
      "file": "chunk-SSRNIYDK.js"
    },
    "chunk-J7NAUXAT": {
      "file": "chunk-J7NAUXAT.js"
    },
    "chunk-TPOYSBIK": {
      "file": "chunk-TPOYSBIK.js"
    },
    "chunk-QU7AFVGG": {
      "file": "chunk-QU7AFVGG.js"
    },
    "chunk-G34IFAOL": {
      "file": "chunk-G34IFAOL.js"
    },
    "chunk-4XBA7G65": {
      "file": "chunk-4XBA7G65.js"
    },
    "chunk-IHFNFKC5": {
      "file": "chunk-IHFNFKC5.js"
    },
    "chunk-ZNGCY7OR": {
      "file": "chunk-ZNGCY7OR.js"
    },
    "chunk-Q2B4BD6J": {
      "file": "chunk-Q2B4BD6J.js"
    },
    "chunk-HE5PWX4F": {
      "file": "chunk-HE5PWX4F.js"
    },
    "chunk-D3IQWCZR": {
      "file": "chunk-D3IQWCZR.js"
    },
    "chunk-SZQPEDTI": {
      "file": "chunk-SZQPEDTI.js"
    },
    "chunk-PIQKY2LV": {
      "file": "chunk-PIQKY2LV.js"
    },
    "chunk-Q3R3BXB2": {
      "file": "chunk-Q3R3BXB2.js"
    }
  }
}