{
  "hash": "ffa02890",
  "configHash": "d5744e1c",
  "lockfileHash": "e7ac2ae3",
  "browserHash": "d24bc287",
  "optimized": {
    "@angular/common": {
      "src": "../../../../../node_modules/@angular/common/fesm2022/common.mjs",
      "file": "@angular_common.js",
      "fileHash": "86007b95",
      "needsInterop": false
    },
    "@angular/core": {
      "src": "../../../../../node_modules/@angular/core/fesm2022/core.mjs",
      "file": "@angular_core.js",
      "fileHash": "239999a7",
      "needsInterop": false
    },
    "@angular/platform-browser": {
      "src": "../../../../../node_modules/@angular/platform-browser/fesm2022/platform-browser.mjs",
      "file": "@angular_platform-browser.js",
      "fileHash": "cde95a32",
      "needsInterop": false
    },
    "@angular/platform-browser/animations": {
      "src": "../../../../../node_modules/@angular/platform-browser/fesm2022/animations.mjs",
      "file": "@angular_platform-browser_animations.js",
      "fileHash": "7e13be3d",
      "needsInterop": false
    },
    "@angular/router": {
      "src": "../../../../../node_modules/@angular/router/fesm2022/router.mjs",
      "file": "@angular_router.js",
      "fileHash": "b8c9f251",
      "needsInterop": false
    },
    "primeng/button": {
      "src": "../../../../../node_modules/primeng/fesm2022/primeng-button.mjs",
      "file": "primeng_button.js",
      "fileHash": "80523156",
      "needsInterop": false
    }
  },
  "chunks": {
    "chunk-ENNJH3TY": {
      "file": "chunk-ENNJH3TY.js"
    },
    "chunk-FY6OYNLY": {
      "file": "chunk-FY6OYNLY.js"
    },
    "chunk-IJZMKCHK": {
      "file": "chunk-IJZMKCHK.js"
    }
  }
}