{
  "hash": "df3bbb79",
  "configHash": "f01a4049",
  "lockfileHash": "e9afa658",
  "browserHash": "48afc618",
  "optimized": {
    "@angular/animations": {
      "src": "../../../../../node_modules/@angular/animations/fesm2022/animations.mjs",
      "file": "@angular_animations.js",
      "fileHash": "b6db3b9b",
      "needsInterop": false
    },
    "@angular/common": {
      "src": "../../../../../node_modules/@angular/common/fesm2022/common.mjs",
      "file": "@angular_common.js",
      "fileHash": "026f89d9",
      "needsInterop": false
    },
    "@angular/common/http": {
      "src": "../../../../../node_modules/@angular/common/fesm2022/http.mjs",
      "file": "@angular_common_http.js",
      "fileHash": "2faa40d4",
      "needsInterop": false
    },
    "@angular/core": {
      "src": "../../../../../node_modules/@angular/core/fesm2022/core.mjs",
      "file": "@angular_core.js",
      "fileHash": "ccf11071",
      "needsInterop": false
    },
    "@angular/forms": {
      "src": "../../../../../node_modules/@angular/forms/fesm2022/forms.mjs",
      "file": "@angular_forms.js",
      "fileHash": "b30f2f33",
      "needsInterop": false
    },
    "@angular/platform-browser": {
      "src": "../../../../../node_modules/@angular/platform-browser/fesm2022/platform-browser.mjs",
      "file": "@angular_platform-browser.js",
      "fileHash": "9073ef3b",
      "needsInterop": false
    },
    "@angular/platform-browser/animations": {
      "src": "../../../../../node_modules/@angular/platform-browser/fesm2022/animations.mjs",
      "file": "@angular_platform-browser_animations.js",
      "fileHash": "5a9c4c9e",
      "needsInterop": false
    },
    "@angular/router": {
      "src": "../../../../../node_modules/@angular/router/fesm2022/router.mjs",
      "file": "@angular_router.js",
      "fileHash": "facd4d4c",
      "needsInterop": false
    },
    "primeng/api": {
      "src": "../../../../../node_modules/primeng/fesm2022/primeng-api.mjs",
      "file": "primeng_api.js",
      "fileHash": "9d388842",
      "needsInterop": false
    },
    "primeng/button": {
      "src": "../../../../../node_modules/primeng/fesm2022/primeng-button.mjs",
      "file": "primeng_button.js",
      "fileHash": "63e87b48",
      "needsInterop": false
    },
    "primeng/dialog": {
      "src": "../../../../../node_modules/primeng/fesm2022/primeng-dialog.mjs",
      "file": "primeng_dialog.js",
      "fileHash": "f4cb87af",
      "needsInterop": false
    },
    "primeng/floatlabel": {
      "src": "../../../../../node_modules/primeng/fesm2022/primeng-floatlabel.mjs",
      "file": "primeng_floatlabel.js",
      "fileHash": "79e33e80",
      "needsInterop": false
    },
    "primeng/inputgroup": {
      "src": "../../../../../node_modules/primeng/fesm2022/primeng-inputgroup.mjs",
      "file": "primeng_inputgroup.js",
      "fileHash": "6ad00bca",
      "needsInterop": false
    },
    "primeng/inputgroupaddon": {
      "src": "../../../../../node_modules/primeng/fesm2022/primeng-inputgroupaddon.mjs",
      "file": "primeng_inputgroupaddon.js",
      "fileHash": "a08c289c",
      "needsInterop": false
    },
    "primeng/inputtext": {
      "src": "../../../../../node_modules/primeng/fesm2022/primeng-inputtext.mjs",
      "file": "primeng_inputtext.js",
      "fileHash": "0f288339",
      "needsInterop": false
    },
    "primeng/menu": {
      "src": "../../../../../node_modules/primeng/fesm2022/primeng-menu.mjs",
      "file": "primeng_menu.js",
      "fileHash": "8a608005",
      "needsInterop": false
    },
    "primeng/messages": {
      "src": "../../../../../node_modules/primeng/fesm2022/primeng-messages.mjs",
      "file": "primeng_messages.js",
      "fileHash": "25f5b405",
      "needsInterop": false
    },
    "primeng/table": {
      "src": "../../../../../node_modules/primeng/fesm2022/primeng-table.mjs",
      "file": "primeng_table.js",
      "fileHash": "98b6ef94",
      "needsInterop": false
    },
    "rxjs": {
      "src": "../../../../../node_modules/rxjs/dist/esm5/index.js",
      "file": "rxjs.js",
      "fileHash": "90ab9417",
      "needsInterop": false
    },
    "rxjs/operators": {
      "src": "../../../../../node_modules/rxjs/dist/esm5/operators/index.js",
      "file": "rxjs_operators.js",
      "fileHash": "b2e8498b",
      "needsInterop": false
    }
  },
  "chunks": {
    "chunk-HCNM5ULV": {
      "file": "chunk-HCNM5ULV.js"
    },
    "chunk-H7AZPQ6U": {
      "file": "chunk-H7AZPQ6U.js"
    },
    "chunk-IHFNFKC5": {
      "file": "chunk-IHFNFKC5.js"
    },
    "chunk-SRRQVUU5": {
      "file": "chunk-SRRQVUU5.js"
    },
    "chunk-3XOK5XPX": {
      "file": "chunk-3XOK5XPX.js"
    },
    "chunk-LWJUAPZK": {
      "file": "chunk-LWJUAPZK.js"
    },
    "chunk-ZDSX7G5Q": {
      "file": "chunk-ZDSX7G5Q.js"
    },
    "chunk-ZNGCY7OR": {
      "file": "chunk-ZNGCY7OR.js"
    },
    "chunk-Q2B4BD6J": {
      "file": "chunk-Q2B4BD6J.js"
    },
    "chunk-BVALBKZY": {
      "file": "chunk-BVALBKZY.js"
    },
    "chunk-G34IFAOL": {
      "file": "chunk-G34IFAOL.js"
    },
    "chunk-OGB2645I": {
      "file": "chunk-OGB2645I.js"
    },
    "chunk-HE5PWX4F": {
      "file": "chunk-HE5PWX4F.js"
    },
    "chunk-4XBA7G65": {
      "file": "chunk-4XBA7G65.js"
    },
    "chunk-D3IQWCZR": {
      "file": "chunk-D3IQWCZR.js"
    },
    "chunk-PIQKY2LV": {
      "file": "chunk-PIQKY2LV.js"
    },
    "chunk-SZQPEDTI": {
      "file": "chunk-SZQPEDTI.js"
    },
    "chunk-Q3R3BXB2": {
      "file": "chunk-Q3R3BXB2.js"
    }
  }
}