{
  "hash": "ff5082aa",
  "browserHash": "3bff80a5",
  "optimized": {
    "@angular/cdk/drag-drop": {
      "src": "../../../../../node_modules/@angular/cdk/fesm2022/drag-drop.mjs",
      "file": "@angular_cdk_drag-drop.js",
      "fileHash": "8ff2ce0b",
      "needsInterop": false
    },
    "@angular/common": {
      "src": "../../../../../node_modules/@angular/common/fesm2022/common.mjs",
      "file": "@angular_common.js",
      "fileHash": "cc557d22",
      "needsInterop": false
    },
    "@angular/common/http": {
      "src": "../../../../../node_modules/@angular/common/fesm2022/http.mjs",
      "file": "@angular_common_http.js",
      "fileHash": "adfd8c50",
      "needsInterop": false
    },
    "@angular/core": {
      "src": "../../../../../node_modules/@angular/core/fesm2022/core.mjs",
      "file": "@angular_core.js",
      "fileHash": "4279aad5",
      "needsInterop": false
    },
    "@angular/forms": {
      "src": "../../../../../node_modules/@angular/forms/fesm2022/forms.mjs",
      "file": "@angular_forms.js",
      "fileHash": "7018c5e2",
      "needsInterop": false
    },
    "@angular/platform-browser": {
      "src": "../../../../../node_modules/@angular/platform-browser/fesm2022/platform-browser.mjs",
      "file": "@angular_platform-browser.js",
      "fileHash": "10b3bb8d",
      "needsInterop": false
    },
    "@angular/platform-browser/animations": {
      "src": "../../../../../node_modules/@angular/platform-browser/fesm2022/animations.mjs",
      "file": "@angular_platform-browser_animations.js",
      "fileHash": "ce668ec9",
      "needsInterop": false
    },
    "@angular/platform-browser/animations/async": {
      "src": "../../../../../node_modules/@angular/platform-browser/fesm2022/animations/async.mjs",
      "file": "@angular_platform-browser_animations_async.js",
      "fileHash": "f6001142",
      "needsInterop": false
    },
    "@angular/router": {
      "src": "../../../../../node_modules/@angular/router/fesm2022/router.mjs",
      "file": "@angular_router.js",
      "fileHash": "1fcb6cce",
      "needsInterop": false
    },
    "ngx-infinite-scroll": {
      "src": "../../../../../node_modules/ngx-infinite-scroll/fesm2022/ngx-infinite-scroll.mjs",
      "file": "ngx-infinite-scroll.js",
      "fileHash": "ff5613d5",
      "needsInterop": false
    },
    "primeng/accordion": {
      "src": "../../../../../node_modules/primeng/fesm2022/primeng-accordion.mjs",
      "file": "primeng_accordion.js",
      "fileHash": "f1fbfc45",
      "needsInterop": false
    },
    "primeng/api": {
      "src": "../../../../../node_modules/primeng/fesm2022/primeng-api.mjs",
      "file": "primeng_api.js",
      "fileHash": "fa058343",
      "needsInterop": false
    },
    "primeng/avatar": {
      "src": "../../../../../node_modules/primeng/fesm2022/primeng-avatar.mjs",
      "file": "primeng_avatar.js",
      "fileHash": "24c71eec",
      "needsInterop": false
    },
    "primeng/blockui": {
      "src": "../../../../../node_modules/primeng/fesm2022/primeng-blockui.mjs",
      "file": "primeng_blockui.js",
      "fileHash": "a52adc0b",
      "needsInterop": false
    },
    "primeng/button": {
      "src": "../../../../../node_modules/primeng/fesm2022/primeng-button.mjs",
      "file": "primeng_button.js",
      "fileHash": "80de735b",
      "needsInterop": false
    },
    "primeng/calendar": {
      "src": "../../../../../node_modules/primeng/fesm2022/primeng-calendar.mjs",
      "file": "primeng_calendar.js",
      "fileHash": "cc4a42d4",
      "needsInterop": false
    },
    "primeng/card": {
      "src": "../../../../../node_modules/primeng/fesm2022/primeng-card.mjs",
      "file": "primeng_card.js",
      "fileHash": "f57e7679",
      "needsInterop": false
    },
    "primeng/checkbox": {
      "src": "../../../../../node_modules/primeng/fesm2022/primeng-checkbox.mjs",
      "file": "primeng_checkbox.js",
      "fileHash": "afbebc6f",
      "needsInterop": false
    },
    "primeng/chip": {
      "src": "../../../../../node_modules/primeng/fesm2022/primeng-chip.mjs",
      "file": "primeng_chip.js",
      "fileHash": "6643c4c0",
      "needsInterop": false
    },
    "primeng/chips": {
      "src": "../../../../../node_modules/primeng/fesm2022/primeng-chips.mjs",
      "file": "primeng_chips.js",
      "fileHash": "b58b509f",
      "needsInterop": false
    },
    "primeng/confirmdialog": {
      "src": "../../../../../node_modules/primeng/fesm2022/primeng-confirmdialog.mjs",
      "file": "primeng_confirmdialog.js",
      "fileHash": "f6bc14f2",
      "needsInterop": false
    },
    "primeng/dataview": {
      "src": "../../../../../node_modules/primeng/fesm2022/primeng-dataview.mjs",
      "file": "primeng_dataview.js",
      "fileHash": "67920ba7",
      "needsInterop": false
    },
    "primeng/dialog": {
      "src": "../../../../../node_modules/primeng/fesm2022/primeng-dialog.mjs",
      "file": "primeng_dialog.js",
      "fileHash": "4851fa5f",
      "needsInterop": false
    },
    "primeng/dragdrop": {
      "src": "../../../../../node_modules/primeng/fesm2022/primeng-dragdrop.mjs",
      "file": "primeng_dragdrop.js",
      "fileHash": "1b402cc6",
      "needsInterop": false
    },
    "primeng/dropdown": {
      "src": "../../../../../node_modules/primeng/fesm2022/primeng-dropdown.mjs",
      "file": "primeng_dropdown.js",
      "fileHash": "22c9f5e2",
      "needsInterop": false
    },
    "primeng/editor": {
      "src": "../../../../../node_modules/primeng/fesm2022/primeng-editor.mjs",
      "file": "primeng_editor.js",
      "fileHash": "604e47dd",
      "needsInterop": false
    },
    "primeng/inputnumber": {
      "src": "../../../../../node_modules/primeng/fesm2022/primeng-inputnumber.mjs",
      "file": "primeng_inputnumber.js",
      "fileHash": "fa37fbae",
      "needsInterop": false
    },
    "primeng/inputtext": {
      "src": "../../../../../node_modules/primeng/fesm2022/primeng-inputtext.mjs",
      "file": "primeng_inputtext.js",
      "fileHash": "ba0495a9",
      "needsInterop": false
    },
    "primeng/inputtextarea": {
      "src": "../../../../../node_modules/primeng/fesm2022/primeng-inputtextarea.mjs",
      "file": "primeng_inputtextarea.js",
      "fileHash": "478fd7a6",
      "needsInterop": false
    },
    "primeng/menu": {
      "src": "../../../../../node_modules/primeng/fesm2022/primeng-menu.mjs",
      "file": "primeng_menu.js",
      "fileHash": "bce86e5a",
      "needsInterop": false
    },
    "primeng/overlaypanel": {
      "src": "../../../../../node_modules/primeng/fesm2022/primeng-overlaypanel.mjs",
      "file": "primeng_overlaypanel.js",
      "fileHash": "579f9205",
      "needsInterop": false
    },
    "primeng/panel": {
      "src": "../../../../../node_modules/primeng/fesm2022/primeng-panel.mjs",
      "file": "primeng_panel.js",
      "fileHash": "aa6a8932",
      "needsInterop": false
    },
    "primeng/panelmenu": {
      "src": "../../../../../node_modules/primeng/fesm2022/primeng-panelmenu.mjs",
      "file": "primeng_panelmenu.js",
      "fileHash": "c8d67a0f",
      "needsInterop": false
    },
    "primeng/progressspinner": {
      "src": "../../../../../node_modules/primeng/fesm2022/primeng-progressspinner.mjs",
      "file": "primeng_progressspinner.js",
      "fileHash": "22fb3e6e",
      "needsInterop": false
    },
    "primeng/sidebar": {
      "src": "../../../../../node_modules/primeng/fesm2022/primeng-sidebar.mjs",
      "file": "primeng_sidebar.js",
      "fileHash": "337ffa18",
      "needsInterop": false
    },
    "primeng/table": {
      "src": "../../../../../node_modules/primeng/fesm2022/primeng-table.mjs",
      "file": "primeng_table.js",
      "fileHash": "32f38758",
      "needsInterop": false
    },
    "primeng/tabview": {
      "src": "../../../../../node_modules/primeng/fesm2022/primeng-tabview.mjs",
      "file": "primeng_tabview.js",
      "fileHash": "39d68d7b",
      "needsInterop": false
    },
    "primeng/tag": {
      "src": "../../../../../node_modules/primeng/fesm2022/primeng-tag.mjs",
      "file": "primeng_tag.js",
      "fileHash": "0dcd427a",
      "needsInterop": false
    },
    "primeng/toast": {
      "src": "../../../../../node_modules/primeng/fesm2022/primeng-toast.mjs",
      "file": "primeng_toast.js",
      "fileHash": "f0a67d1d",
      "needsInterop": false
    },
    "primeng/toolbar": {
      "src": "../../../../../node_modules/primeng/fesm2022/primeng-toolbar.mjs",
      "file": "primeng_toolbar.js",
      "fileHash": "35bd034b",
      "needsInterop": false
    },
    "primeng/tooltip": {
      "src": "../../../../../node_modules/primeng/fesm2022/primeng-tooltip.mjs",
      "file": "primeng_tooltip.js",
      "fileHash": "f372093b",
      "needsInterop": false
    },
    "rxjs": {
      "src": "../../../../../node_modules/rxjs/dist/esm5/index.js",
      "file": "rxjs.js",
      "fileHash": "cbfca79a",
      "needsInterop": false
    },
    "rxjs/operators": {
      "src": "../../../../../node_modules/rxjs/dist/esm5/operators/index.js",
      "file": "rxjs_operators.js",
      "fileHash": "2397b75d",
      "needsInterop": false
    },
    "uuid": {
      "src": "../../../../../node_modules/uuid/dist/esm-browser/index.js",
      "file": "uuid.js",
      "fileHash": "5ef3df8c",
      "needsInterop": false
    }
  },
  "chunks": {
    "browser-NKLNIVLK": {
      "file": "browser-NKLNIVLK.js"
    },
    "quill-46T2T7EK": {
      "file": "quill-46T2T7EK.js"
    },
    "chunk-DD5O4E4V": {
      "file": "chunk-DD5O4E4V.js"
    },
    "chunk-DMRMNNBW": {
      "file": "chunk-DMRMNNBW.js"
    },
    "chunk-BZSDOHWQ": {
      "file": "chunk-BZSDOHWQ.js"
    },
    "chunk-723I7EEA": {
      "file": "chunk-723I7EEA.js"
    },
    "chunk-5KQHCCY5": {
      "file": "chunk-5KQHCCY5.js"
    },
    "chunk-QVPIRFCU": {
      "file": "chunk-QVPIRFCU.js"
    },
    "chunk-JB4EBEQ5": {
      "file": "chunk-JB4EBEQ5.js"
    },
    "chunk-UX44HHZC": {
      "file": "chunk-UX44HHZC.js"
    },
    "chunk-I6VAFPTG": {
      "file": "chunk-I6VAFPTG.js"
    },
    "chunk-FQJADPXD": {
      "file": "chunk-FQJADPXD.js"
    },
    "chunk-4SQ5F53S": {
      "file": "chunk-4SQ5F53S.js"
    },
    "chunk-DT72G63P": {
      "file": "chunk-DT72G63P.js"
    },
    "chunk-L22MXERZ": {
      "file": "chunk-L22MXERZ.js"
    },
    "chunk-WQFRYI2M": {
      "file": "chunk-WQFRYI2M.js"
    },
    "chunk-MF64RQMX": {
      "file": "chunk-MF64RQMX.js"
    },
    "chunk-O7JMIU2L": {
      "file": "chunk-O7JMIU2L.js"
    },
    "chunk-LTD5O74B": {
      "file": "chunk-LTD5O74B.js"
    },
    "chunk-M6MT5VLJ": {
      "file": "chunk-M6MT5VLJ.js"
    },
    "chunk-JVWZDCGY": {
      "file": "chunk-JVWZDCGY.js"
    },
    "chunk-JHKXCG6A": {
      "file": "chunk-JHKXCG6A.js"
    },
    "chunk-SWQ4GSWX": {
      "file": "chunk-SWQ4GSWX.js"
    },
    "chunk-CFXL3M6G": {
      "file": "chunk-CFXL3M6G.js"
    },
    "chunk-JZQAVOZS": {
      "file": "chunk-JZQAVOZS.js"
    },
    "chunk-KNAY2FP2": {
      "file": "chunk-KNAY2FP2.js"
    },
    "chunk-7GJVN474": {
      "file": "chunk-7GJVN474.js"
    },
    "chunk-U6WDMHWD": {
      "file": "chunk-U6WDMHWD.js"
    },
    "chunk-HHKLIZ7O": {
      "file": "chunk-HHKLIZ7O.js"
    },
    "chunk-KZSV2LF3": {
      "file": "chunk-KZSV2LF3.js"
    },
    "chunk-GHTSNRWU": {
      "file": "chunk-GHTSNRWU.js"
    },
    "chunk-T6OEQNTN": {
      "file": "chunk-T6OEQNTN.js"
    },
    "chunk-WI6LBH4V": {
      "file": "chunk-WI6LBH4V.js"
    },
    "chunk-BQTYKBYB": {
      "file": "chunk-BQTYKBYB.js"
    },
    "chunk-KDOJNZN6": {
      "file": "chunk-KDOJNZN6.js"
    },
    "chunk-EBXC6MJI": {
      "file": "chunk-EBXC6MJI.js"
    }
  }
}