{
  "hash": "7cfcbc5d",
  "browserHash": "2bb3dea1",
  "optimized": {
    "@angular/common": {
      "src": "../../../../../node_modules/@angular/common/fesm2022/common.mjs",
      "file": "@angular_common.js",
      "fileHash": "07f0375a",
      "needsInterop": false
    },
    "@angular/common/http": {
      "src": "../../../../../node_modules/@angular/common/fesm2022/http.mjs",
      "file": "@angular_common_http.js",
      "fileHash": "74c65e31",
      "needsInterop": false
    },
    "@angular/core": {
      "src": "../../../../../node_modules/@angular/core/fesm2022/core.mjs",
      "file": "@angular_core.js",
      "fileHash": "5a861494",
      "needsInterop": false
    },
    "@angular/forms": {
      "src": "../../../../../node_modules/@angular/forms/fesm2022/forms.mjs",
      "file": "@angular_forms.js",
      "fileHash": "df27080f",
      "needsInterop": false
    },
    "@angular/platform-browser": {
      "src": "../../../../../node_modules/@angular/platform-browser/fesm2022/platform-browser.mjs",
      "file": "@angular_platform-browser.js",
      "fileHash": "965581c2",
      "needsInterop": false
    },
    "@angular/platform-browser/animations": {
      "src": "../../../../../node_modules/@angular/platform-browser/fesm2022/animations.mjs",
      "file": "@angular_platform-browser_animations.js",
      "fileHash": "d7da86c5",
      "needsInterop": false
    },
    "@angular/router": {
      "src": "../../../../../node_modules/@angular/router/fesm2022/router.mjs",
      "file": "@angular_router.js",
      "fileHash": "2e2e41ae",
      "needsInterop": false
    },
    "ngx-infinite-scroll": {
      "src": "../../../../../node_modules/ngx-infinite-scroll/fesm2022/ngx-infinite-scroll.mjs",
      "file": "ngx-infinite-scroll.js",
      "fileHash": "18c8e6bb",
      "needsInterop": false
    },
    "primeng/accordion": {
      "src": "../../../../../node_modules/primeng/fesm2022/primeng-accordion.mjs",
      "file": "primeng_accordion.js",
      "fileHash": "a9bd3184",
      "needsInterop": false
    },
    "primeng/api": {
      "src": "../../../../../node_modules/primeng/fesm2022/primeng-api.mjs",
      "file": "primeng_api.js",
      "fileHash": "0c1f8706",
      "needsInterop": false
    },
    "primeng/avatar": {
      "src": "../../../../../node_modules/primeng/fesm2022/primeng-avatar.mjs",
      "file": "primeng_avatar.js",
      "fileHash": "6b18f272",
      "needsInterop": false
    },
    "primeng/blockui": {
      "src": "../../../../../node_modules/primeng/fesm2022/primeng-blockui.mjs",
      "file": "primeng_blockui.js",
      "fileHash": "2d225393",
      "needsInterop": false
    },
    "primeng/button": {
      "src": "../../../../../node_modules/primeng/fesm2022/primeng-button.mjs",
      "file": "primeng_button.js",
      "fileHash": "c395bf40",
      "needsInterop": false
    },
    "primeng/calendar": {
      "src": "../../../../../node_modules/primeng/fesm2022/primeng-calendar.mjs",
      "file": "primeng_calendar.js",
      "fileHash": "eb4cc615",
      "needsInterop": false
    },
    "primeng/card": {
      "src": "../../../../../node_modules/primeng/fesm2022/primeng-card.mjs",
      "file": "primeng_card.js",
      "fileHash": "8c0661f5",
      "needsInterop": false
    },
    "primeng/checkbox": {
      "src": "../../../../../node_modules/primeng/fesm2022/primeng-checkbox.mjs",
      "file": "primeng_checkbox.js",
      "fileHash": "1606a980",
      "needsInterop": false
    },
    "primeng/chip": {
      "src": "../../../../../node_modules/primeng/fesm2022/primeng-chip.mjs",
      "file": "primeng_chip.js",
      "fileHash": "69947c03",
      "needsInterop": false
    },
    "primeng/chips": {
      "src": "../../../../../node_modules/primeng/fesm2022/primeng-chips.mjs",
      "file": "primeng_chips.js",
      "fileHash": "06123493",
      "needsInterop": false
    },
    "primeng/confirmdialog": {
      "src": "../../../../../node_modules/primeng/fesm2022/primeng-confirmdialog.mjs",
      "file": "primeng_confirmdialog.js",
      "fileHash": "99539fe9",
      "needsInterop": false
    },
    "primeng/dataview": {
      "src": "../../../../../node_modules/primeng/fesm2022/primeng-dataview.mjs",
      "file": "primeng_dataview.js",
      "fileHash": "4beba7f0",
      "needsInterop": false
    },
    "primeng/dialog": {
      "src": "../../../../../node_modules/primeng/fesm2022/primeng-dialog.mjs",
      "file": "primeng_dialog.js",
      "fileHash": "6a3bd2b7",
      "needsInterop": false
    },
    "primeng/dragdrop": {
      "src": "../../../../../node_modules/primeng/fesm2022/primeng-dragdrop.mjs",
      "file": "primeng_dragdrop.js",
      "fileHash": "8ab26a8c",
      "needsInterop": false
    },
    "primeng/dropdown": {
      "src": "../../../../../node_modules/primeng/fesm2022/primeng-dropdown.mjs",
      "file": "primeng_dropdown.js",
      "fileHash": "1334d5ba",
      "needsInterop": false
    },
    "primeng/inputnumber": {
      "src": "../../../../../node_modules/primeng/fesm2022/primeng-inputnumber.mjs",
      "file": "primeng_inputnumber.js",
      "fileHash": "dacaf4aa",
      "needsInterop": false
    },
    "primeng/inputtext": {
      "src": "../../../../../node_modules/primeng/fesm2022/primeng-inputtext.mjs",
      "file": "primeng_inputtext.js",
      "fileHash": "95507771",
      "needsInterop": false
    },
    "primeng/inputtextarea": {
      "src": "../../../../../node_modules/primeng/fesm2022/primeng-inputtextarea.mjs",
      "file": "primeng_inputtextarea.js",
      "fileHash": "cc760797",
      "needsInterop": false
    },
    "primeng/menu": {
      "src": "../../../../../node_modules/primeng/fesm2022/primeng-menu.mjs",
      "file": "primeng_menu.js",
      "fileHash": "edd5f246",
      "needsInterop": false
    },
    "primeng/overlaypanel": {
      "src": "../../../../../node_modules/primeng/fesm2022/primeng-overlaypanel.mjs",
      "file": "primeng_overlaypanel.js",
      "fileHash": "f3f15ba9",
      "needsInterop": false
    },
    "primeng/panel": {
      "src": "../../../../../node_modules/primeng/fesm2022/primeng-panel.mjs",
      "file": "primeng_panel.js",
      "fileHash": "0ed11912",
      "needsInterop": false
    },
    "primeng/panelmenu": {
      "src": "../../../../../node_modules/primeng/fesm2022/primeng-panelmenu.mjs",
      "file": "primeng_panelmenu.js",
      "fileHash": "48867393",
      "needsInterop": false
    },
    "primeng/progressspinner": {
      "src": "../../../../../node_modules/primeng/fesm2022/primeng-progressspinner.mjs",
      "file": "primeng_progressspinner.js",
      "fileHash": "315054a9",
      "needsInterop": false
    },
    "primeng/sidebar": {
      "src": "../../../../../node_modules/primeng/fesm2022/primeng-sidebar.mjs",
      "file": "primeng_sidebar.js",
      "fileHash": "1317c677",
      "needsInterop": false
    },
    "primeng/table": {
      "src": "../../../../../node_modules/primeng/fesm2022/primeng-table.mjs",
      "file": "primeng_table.js",
      "fileHash": "a10f3589",
      "needsInterop": false
    },
    "primeng/tabview": {
      "src": "../../../../../node_modules/primeng/fesm2022/primeng-tabview.mjs",
      "file": "primeng_tabview.js",
      "fileHash": "94985a7b",
      "needsInterop": false
    },
    "primeng/tag": {
      "src": "../../../../../node_modules/primeng/fesm2022/primeng-tag.mjs",
      "file": "primeng_tag.js",
      "fileHash": "dc235891",
      "needsInterop": false
    },
    "primeng/toast": {
      "src": "../../../../../node_modules/primeng/fesm2022/primeng-toast.mjs",
      "file": "primeng_toast.js",
      "fileHash": "96d4a1b7",
      "needsInterop": false
    },
    "primeng/toolbar": {
      "src": "../../../../../node_modules/primeng/fesm2022/primeng-toolbar.mjs",
      "file": "primeng_toolbar.js",
      "fileHash": "8f84723b",
      "needsInterop": false
    },
    "primeng/tooltip": {
      "src": "../../../../../node_modules/primeng/fesm2022/primeng-tooltip.mjs",
      "file": "primeng_tooltip.js",
      "fileHash": "84e1408d",
      "needsInterop": false
    },
    "rxjs": {
      "src": "../../../../../node_modules/rxjs/dist/esm5/index.js",
      "file": "rxjs.js",
      "fileHash": "0fdee663",
      "needsInterop": false
    },
    "rxjs/operators": {
      "src": "../../../../../node_modules/rxjs/dist/esm5/operators/index.js",
      "file": "rxjs_operators.js",
      "fileHash": "394b0d72",
      "needsInterop": false
    },
    "uuid": {
      "src": "../../../../../node_modules/uuid/dist/esm-browser/index.js",
      "file": "uuid.js",
      "fileHash": "630509d2",
      "needsInterop": false
    },
    "@angular/platform-browser/animations/async": {
      "src": "../../../../../node_modules/@angular/platform-browser/fesm2022/animations/async.mjs",
      "file": "@angular_platform-browser_animations_async.js",
      "fileHash": "c5c82063",
      "needsInterop": false
    },
    "@angular/cdk/drag-drop": {
      "src": "../../../../../node_modules/@angular/cdk/fesm2022/drag-drop.mjs",
      "file": "@angular_cdk_drag-drop.js",
      "fileHash": "a250bb5f",
      "needsInterop": false
    },
    "primeng/editor": {
      "src": "../../../../../node_modules/primeng/fesm2022/primeng-editor.mjs",
      "file": "primeng_editor.js",
      "fileHash": "4be20982",
      "needsInterop": false
    },
    "primeng/image": {
      "src": "../../../../../node_modules/primeng/fesm2022/primeng-image.mjs",
      "file": "primeng_image.js",
      "fileHash": "2402d5e5",
      "needsInterop": false
    }
  },
  "chunks": {
    "browser-NKLNIVLK": {
      "file": "browser-NKLNIVLK.js"
    },
    "chunk-IYVH2UQ2": {
      "file": "chunk-IYVH2UQ2.js"
    },
    "chunk-PH5NFJUK": {
      "file": "chunk-PH5NFJUK.js"
    },
    "chunk-CJGROUAW": {
      "file": "chunk-CJGROUAW.js"
    },
    "chunk-4NSKTWR4": {
      "file": "chunk-4NSKTWR4.js"
    },
    "chunk-BAOUPYJN": {
      "file": "chunk-BAOUPYJN.js"
    },
    "chunk-2CJ6GJ7Q": {
      "file": "chunk-2CJ6GJ7Q.js"
    },
    "chunk-KDC4BWTD": {
      "file": "chunk-KDC4BWTD.js"
    },
    "chunk-U6WDMHWD": {
      "file": "chunk-U6WDMHWD.js"
    },
    "chunk-BI5COJBE": {
      "file": "chunk-BI5COJBE.js"
    },
    "chunk-2Q3CTVKB": {
      "file": "chunk-2Q3CTVKB.js"
    },
    "chunk-HWPAVMGJ": {
      "file": "chunk-HWPAVMGJ.js"
    },
    "chunk-XAS6G3YG": {
      "file": "chunk-XAS6G3YG.js"
    },
    "chunk-3U6SZDML": {
      "file": "chunk-3U6SZDML.js"
    },
    "chunk-N5VOYFLT": {
      "file": "chunk-N5VOYFLT.js"
    },
    "chunk-DA2AHJJA": {
      "file": "chunk-DA2AHJJA.js"
    },
    "chunk-SM42AFQX": {
      "file": "chunk-SM42AFQX.js"
    },
    "chunk-ALRCLV57": {
      "file": "chunk-ALRCLV57.js"
    },
    "chunk-WD55HX4J": {
      "file": "chunk-WD55HX4J.js"
    },
    "chunk-7GJVN474": {
      "file": "chunk-7GJVN474.js"
    },
    "chunk-FQJADPXD": {
      "file": "chunk-FQJADPXD.js"
    },
    "chunk-HHKLIZ7O": {
      "file": "chunk-HHKLIZ7O.js"
    },
    "chunk-KZSV2LF3": {
      "file": "chunk-KZSV2LF3.js"
    },
    "chunk-R75Y3RQN": {
      "file": "chunk-R75Y3RQN.js"
    },
    "chunk-NRPQEUWD": {
      "file": "chunk-NRPQEUWD.js"
    },
    "chunk-3SQF7L7O": {
      "file": "chunk-3SQF7L7O.js"
    },
    "chunk-PFSBGZRB": {
      "file": "chunk-PFSBGZRB.js"
    },
    "chunk-2SFJ3DLA": {
      "file": "chunk-2SFJ3DLA.js"
    },
    "chunk-O7JMIU2L": {
      "file": "chunk-O7JMIU2L.js"
    },
    "chunk-GHTSNRWU": {
      "file": "chunk-GHTSNRWU.js"
    },
    "chunk-T6OEQNTN": {
      "file": "chunk-T6OEQNTN.js"
    },
    "chunk-BQTYKBYB": {
      "file": "chunk-BQTYKBYB.js"
    },
    "chunk-WI6LBH4V": {
      "file": "chunk-WI6LBH4V.js"
    },
    "chunk-KDOJNZN6": {
      "file": "chunk-KDOJNZN6.js"
    },
    "chunk-EBXC6MJI": {
      "file": "chunk-EBXC6MJI.js"
    }
  }
}