{
  "hash": "59aa87be",
  "browserHash": "cf8c09e5",
  "optimized": {
    "@angular/cdk/drag-drop": {
      "src": "../../../../../node_modules/@angular/cdk/fesm2022/drag-drop.mjs",
      "file": "@angular_cdk_drag-drop.js",
      "fileHash": "ac464409",
      "needsInterop": false
    },
    "@angular/common": {
      "src": "../../../../../node_modules/@angular/common/fesm2022/common.mjs",
      "file": "@angular_common.js",
      "fileHash": "83653354",
      "needsInterop": false
    },
    "@angular/common/http": {
      "src": "../../../../../node_modules/@angular/common/fesm2022/http.mjs",
      "file": "@angular_common_http.js",
      "fileHash": "e51a2d05",
      "needsInterop": false
    },
    "@angular/core": {
      "src": "../../../../../node_modules/@angular/core/fesm2022/core.mjs",
      "file": "@angular_core.js",
      "fileHash": "3a084899",
      "needsInterop": false
    },
    "@angular/forms": {
      "src": "../../../../../node_modules/@angular/forms/fesm2022/forms.mjs",
      "file": "@angular_forms.js",
      "fileHash": "c946771d",
      "needsInterop": false
    },
    "@angular/platform-browser": {
      "src": "../../../../../node_modules/@angular/platform-browser/fesm2022/platform-browser.mjs",
      "file": "@angular_platform-browser.js",
      "fileHash": "9835d42a",
      "needsInterop": false
    },
    "@angular/platform-browser/animations": {
      "src": "../../../../../node_modules/@angular/platform-browser/fesm2022/animations.mjs",
      "file": "@angular_platform-browser_animations.js",
      "fileHash": "fb65a6f5",
      "needsInterop": false
    },
    "@angular/platform-browser/animations/async": {
      "src": "../../../../../node_modules/@angular/platform-browser/fesm2022/animations/async.mjs",
      "file": "@angular_platform-browser_animations_async.js",
      "fileHash": "4a8c2eab",
      "needsInterop": false
    },
    "@angular/router": {
      "src": "../../../../../node_modules/@angular/router/fesm2022/router.mjs",
      "file": "@angular_router.js",
      "fileHash": "c18b70d8",
      "needsInterop": false
    },
    "ngx-infinite-scroll": {
      "src": "../../../../../node_modules/ngx-infinite-scroll/fesm2022/ngx-infinite-scroll.mjs",
      "file": "ngx-infinite-scroll.js",
      "fileHash": "2587da43",
      "needsInterop": false
    },
    "primeng/accordion": {
      "src": "../../../../../node_modules/primeng/fesm2022/primeng-accordion.mjs",
      "file": "primeng_accordion.js",
      "fileHash": "a02dccad",
      "needsInterop": false
    },
    "primeng/api": {
      "src": "../../../../../node_modules/primeng/fesm2022/primeng-api.mjs",
      "file": "primeng_api.js",
      "fileHash": "da7887b0",
      "needsInterop": false
    },
    "primeng/avatar": {
      "src": "../../../../../node_modules/primeng/fesm2022/primeng-avatar.mjs",
      "file": "primeng_avatar.js",
      "fileHash": "8caddeeb",
      "needsInterop": false
    },
    "primeng/blockui": {
      "src": "../../../../../node_modules/primeng/fesm2022/primeng-blockui.mjs",
      "file": "primeng_blockui.js",
      "fileHash": "44b89853",
      "needsInterop": false
    },
    "primeng/button": {
      "src": "../../../../../node_modules/primeng/fesm2022/primeng-button.mjs",
      "file": "primeng_button.js",
      "fileHash": "7a9be495",
      "needsInterop": false
    },
    "primeng/calendar": {
      "src": "../../../../../node_modules/primeng/fesm2022/primeng-calendar.mjs",
      "file": "primeng_calendar.js",
      "fileHash": "904a5e64",
      "needsInterop": false
    },
    "primeng/card": {
      "src": "../../../../../node_modules/primeng/fesm2022/primeng-card.mjs",
      "file": "primeng_card.js",
      "fileHash": "d844de79",
      "needsInterop": false
    },
    "primeng/checkbox": {
      "src": "../../../../../node_modules/primeng/fesm2022/primeng-checkbox.mjs",
      "file": "primeng_checkbox.js",
      "fileHash": "6e577fd7",
      "needsInterop": false
    },
    "primeng/chip": {
      "src": "../../../../../node_modules/primeng/fesm2022/primeng-chip.mjs",
      "file": "primeng_chip.js",
      "fileHash": "1c7d6d7f",
      "needsInterop": false
    },
    "primeng/chips": {
      "src": "../../../../../node_modules/primeng/fesm2022/primeng-chips.mjs",
      "file": "primeng_chips.js",
      "fileHash": "2c96d91f",
      "needsInterop": false
    },
    "primeng/confirmdialog": {
      "src": "../../../../../node_modules/primeng/fesm2022/primeng-confirmdialog.mjs",
      "file": "primeng_confirmdialog.js",
      "fileHash": "ab72e0f1",
      "needsInterop": false
    },
    "primeng/dataview": {
      "src": "../../../../../node_modules/primeng/fesm2022/primeng-dataview.mjs",
      "file": "primeng_dataview.js",
      "fileHash": "c874e2c7",
      "needsInterop": false
    },
    "primeng/dialog": {
      "src": "../../../../../node_modules/primeng/fesm2022/primeng-dialog.mjs",
      "file": "primeng_dialog.js",
      "fileHash": "643e9e2f",
      "needsInterop": false
    },
    "primeng/dragdrop": {
      "src": "../../../../../node_modules/primeng/fesm2022/primeng-dragdrop.mjs",
      "file": "primeng_dragdrop.js",
      "fileHash": "eee940aa",
      "needsInterop": false
    },
    "primeng/dropdown": {
      "src": "../../../../../node_modules/primeng/fesm2022/primeng-dropdown.mjs",
      "file": "primeng_dropdown.js",
      "fileHash": "4390a2f7",
      "needsInterop": false
    },
    "primeng/inputnumber": {
      "src": "../../../../../node_modules/primeng/fesm2022/primeng-inputnumber.mjs",
      "file": "primeng_inputnumber.js",
      "fileHash": "535f6c0a",
      "needsInterop": false
    },
    "primeng/inputtext": {
      "src": "../../../../../node_modules/primeng/fesm2022/primeng-inputtext.mjs",
      "file": "primeng_inputtext.js",
      "fileHash": "1de53ef1",
      "needsInterop": false
    },
    "primeng/inputtextarea": {
      "src": "../../../../../node_modules/primeng/fesm2022/primeng-inputtextarea.mjs",
      "file": "primeng_inputtextarea.js",
      "fileHash": "b6b2f49a",
      "needsInterop": false
    },
    "primeng/menu": {
      "src": "../../../../../node_modules/primeng/fesm2022/primeng-menu.mjs",
      "file": "primeng_menu.js",
      "fileHash": "48a18e1d",
      "needsInterop": false
    },
    "primeng/overlaypanel": {
      "src": "../../../../../node_modules/primeng/fesm2022/primeng-overlaypanel.mjs",
      "file": "primeng_overlaypanel.js",
      "fileHash": "e411ecfc",
      "needsInterop": false
    },
    "primeng/panel": {
      "src": "../../../../../node_modules/primeng/fesm2022/primeng-panel.mjs",
      "file": "primeng_panel.js",
      "fileHash": "9cb88632",
      "needsInterop": false
    },
    "primeng/panelmenu": {
      "src": "../../../../../node_modules/primeng/fesm2022/primeng-panelmenu.mjs",
      "file": "primeng_panelmenu.js",
      "fileHash": "69558478",
      "needsInterop": false
    },
    "primeng/progressspinner": {
      "src": "../../../../../node_modules/primeng/fesm2022/primeng-progressspinner.mjs",
      "file": "primeng_progressspinner.js",
      "fileHash": "13f13688",
      "needsInterop": false
    },
    "primeng/sidebar": {
      "src": "../../../../../node_modules/primeng/fesm2022/primeng-sidebar.mjs",
      "file": "primeng_sidebar.js",
      "fileHash": "77fa40e5",
      "needsInterop": false
    },
    "primeng/table": {
      "src": "../../../../../node_modules/primeng/fesm2022/primeng-table.mjs",
      "file": "primeng_table.js",
      "fileHash": "d1a94cef",
      "needsInterop": false
    },
    "primeng/tabview": {
      "src": "../../../../../node_modules/primeng/fesm2022/primeng-tabview.mjs",
      "file": "primeng_tabview.js",
      "fileHash": "cad88684",
      "needsInterop": false
    },
    "primeng/tag": {
      "src": "../../../../../node_modules/primeng/fesm2022/primeng-tag.mjs",
      "file": "primeng_tag.js",
      "fileHash": "43bf5049",
      "needsInterop": false
    },
    "primeng/toast": {
      "src": "../../../../../node_modules/primeng/fesm2022/primeng-toast.mjs",
      "file": "primeng_toast.js",
      "fileHash": "9a1cb267",
      "needsInterop": false
    },
    "primeng/toolbar": {
      "src": "../../../../../node_modules/primeng/fesm2022/primeng-toolbar.mjs",
      "file": "primeng_toolbar.js",
      "fileHash": "db57f365",
      "needsInterop": false
    },
    "primeng/tooltip": {
      "src": "../../../../../node_modules/primeng/fesm2022/primeng-tooltip.mjs",
      "file": "primeng_tooltip.js",
      "fileHash": "0d9e9fcb",
      "needsInterop": false
    },
    "rxjs": {
      "src": "../../../../../node_modules/rxjs/dist/esm5/index.js",
      "file": "rxjs.js",
      "fileHash": "5c76e0a3",
      "needsInterop": false
    },
    "rxjs/operators": {
      "src": "../../../../../node_modules/rxjs/dist/esm5/operators/index.js",
      "file": "rxjs_operators.js",
      "fileHash": "32882b59",
      "needsInterop": false
    },
    "uuid": {
      "src": "../../../../../node_modules/uuid/dist/esm-browser/index.js",
      "file": "uuid.js",
      "fileHash": "8f979e7c",
      "needsInterop": false
    }
  },
  "chunks": {
    "browser-VN5WTVBI": {
      "file": "browser-VN5WTVBI.js"
    },
    "chunk-4U4WICJV": {
      "file": "chunk-4U4WICJV.js"
    },
    "chunk-66SLET63": {
      "file": "chunk-66SLET63.js"
    },
    "chunk-5FLP4DAO": {
      "file": "chunk-5FLP4DAO.js"
    },
    "chunk-2ZNEJ7G2": {
      "file": "chunk-2ZNEJ7G2.js"
    },
    "chunk-KSJZMGTH": {
      "file": "chunk-KSJZMGTH.js"
    },
    "chunk-WH2EFGI4": {
      "file": "chunk-WH2EFGI4.js"
    },
    "chunk-LJ75543Y": {
      "file": "chunk-LJ75543Y.js"
    },
    "chunk-QSBHSMJG": {
      "file": "chunk-QSBHSMJG.js"
    },
    "chunk-JL5UIKLW": {
      "file": "chunk-JL5UIKLW.js"
    },
    "chunk-AAVDQY55": {
      "file": "chunk-AAVDQY55.js"
    },
    "chunk-I6H2VSEE": {
      "file": "chunk-I6H2VSEE.js"
    },
    "chunk-M6263R4L": {
      "file": "chunk-M6263R4L.js"
    },
    "chunk-UQSEBYMD": {
      "file": "chunk-UQSEBYMD.js"
    },
    "chunk-DOKSKRCI": {
      "file": "chunk-DOKSKRCI.js"
    },
    "chunk-2YWVEBHW": {
      "file": "chunk-2YWVEBHW.js"
    },
    "chunk-EPL4MTAB": {
      "file": "chunk-EPL4MTAB.js"
    },
    "chunk-KAC53ODA": {
      "file": "chunk-KAC53ODA.js"
    },
    "chunk-GZRMB5MF": {
      "file": "chunk-GZRMB5MF.js"
    },
    "chunk-3SQF7L7O": {
      "file": "chunk-3SQF7L7O.js"
    },
    "chunk-CGU35YUV": {
      "file": "chunk-CGU35YUV.js"
    },
    "chunk-XYUEZXI3": {
      "file": "chunk-XYUEZXI3.js"
    },
    "chunk-X3QUKF4S": {
      "file": "chunk-X3QUKF4S.js"
    },
    "chunk-QQ2D4WEP": {
      "file": "chunk-QQ2D4WEP.js"
    },
    "chunk-CVQBE5NG": {
      "file": "chunk-CVQBE5NG.js"
    },
    "chunk-4E4VHFF7": {
      "file": "chunk-4E4VHFF7.js"
    },
    "chunk-HOZOEZP5": {
      "file": "chunk-HOZOEZP5.js"
    },
    "chunk-YENVJQ5L": {
      "file": "chunk-YENVJQ5L.js"
    },
    "chunk-FRIKEHAD": {
      "file": "chunk-FRIKEHAD.js"
    },
    "chunk-HUWSEA2J": {
      "file": "chunk-HUWSEA2J.js"
    },
    "chunk-WI6LBH4V": {
      "file": "chunk-WI6LBH4V.js"
    },
    "chunk-BQTYKBYB": {
      "file": "chunk-BQTYKBYB.js"
    },
    "chunk-KDOJNZN6": {
      "file": "chunk-KDOJNZN6.js"
    },
    "chunk-HSNDBVJ3": {
      "file": "chunk-HSNDBVJ3.js"
    }
  }
}