{
  "hash": "318851d0",
  "browserHash": "065ffcc5",
  "optimized": {
    "@angular/common": {
      "src": "../../../../../node_modules/@angular/common/fesm2022/common.mjs",
      "file": "@angular_common.js",
      "fileHash": "a89be61f",
      "needsInterop": false
    },
    "@angular/common/http": {
      "src": "../../../../../node_modules/@angular/common/fesm2022/http.mjs",
      "file": "@angular_common_http.js",
      "fileHash": "47f6e3a7",
      "needsInterop": false
    },
    "@angular/core": {
      "src": "../../../../../node_modules/@angular/core/fesm2022/core.mjs",
      "file": "@angular_core.js",
      "fileHash": "57fe7df1",
      "needsInterop": false
    },
    "@angular/forms": {
      "src": "../../../../../node_modules/@angular/forms/fesm2022/forms.mjs",
      "file": "@angular_forms.js",
      "fileHash": "04da0ff7",
      "needsInterop": false
    },
    "@angular/platform-browser": {
      "src": "../../../../../node_modules/@angular/platform-browser/fesm2022/platform-browser.mjs",
      "file": "@angular_platform-browser.js",
      "fileHash": "ef5094ad",
      "needsInterop": false
    },
    "@angular/platform-browser/animations": {
      "src": "../../../../../node_modules/@angular/platform-browser/fesm2022/animations.mjs",
      "file": "@angular_platform-browser_animations.js",
      "fileHash": "2b03b056",
      "needsInterop": false
    },
    "@angular/router": {
      "src": "../../../../../node_modules/@angular/router/fesm2022/router.mjs",
      "file": "@angular_router.js",
      "fileHash": "85213b32",
      "needsInterop": false
    },
    "ngx-infinite-scroll": {
      "src": "../../../../../node_modules/ngx-infinite-scroll/fesm2022/ngx-infinite-scroll.mjs",
      "file": "ngx-infinite-scroll.js",
      "fileHash": "f45a7256",
      "needsInterop": false
    },
    "primeng/accordion": {
      "src": "../../../../../node_modules/primeng/fesm2022/primeng-accordion.mjs",
      "file": "primeng_accordion.js",
      "fileHash": "7dac47c6",
      "needsInterop": false
    },
    "primeng/api": {
      "src": "../../../../../node_modules/primeng/fesm2022/primeng-api.mjs",
      "file": "primeng_api.js",
      "fileHash": "fc1a1903",
      "needsInterop": false
    },
    "primeng/avatar": {
      "src": "../../../../../node_modules/primeng/fesm2022/primeng-avatar.mjs",
      "file": "primeng_avatar.js",
      "fileHash": "acb43041",
      "needsInterop": false
    },
    "primeng/blockui": {
      "src": "../../../../../node_modules/primeng/fesm2022/primeng-blockui.mjs",
      "file": "primeng_blockui.js",
      "fileHash": "0e54c8c9",
      "needsInterop": false
    },
    "primeng/button": {
      "src": "../../../../../node_modules/primeng/fesm2022/primeng-button.mjs",
      "file": "primeng_button.js",
      "fileHash": "1ba407d3",
      "needsInterop": false
    },
    "primeng/calendar": {
      "src": "../../../../../node_modules/primeng/fesm2022/primeng-calendar.mjs",
      "file": "primeng_calendar.js",
      "fileHash": "c841653d",
      "needsInterop": false
    },
    "primeng/card": {
      "src": "../../../../../node_modules/primeng/fesm2022/primeng-card.mjs",
      "file": "primeng_card.js",
      "fileHash": "0e262aa7",
      "needsInterop": false
    },
    "primeng/checkbox": {
      "src": "../../../../../node_modules/primeng/fesm2022/primeng-checkbox.mjs",
      "file": "primeng_checkbox.js",
      "fileHash": "24c70926",
      "needsInterop": false
    },
    "primeng/chip": {
      "src": "../../../../../node_modules/primeng/fesm2022/primeng-chip.mjs",
      "file": "primeng_chip.js",
      "fileHash": "82d91407",
      "needsInterop": false
    },
    "primeng/chips": {
      "src": "../../../../../node_modules/primeng/fesm2022/primeng-chips.mjs",
      "file": "primeng_chips.js",
      "fileHash": "5101195e",
      "needsInterop": false
    },
    "primeng/confirmdialog": {
      "src": "../../../../../node_modules/primeng/fesm2022/primeng-confirmdialog.mjs",
      "file": "primeng_confirmdialog.js",
      "fileHash": "2a5c3f3a",
      "needsInterop": false
    },
    "primeng/dataview": {
      "src": "../../../../../node_modules/primeng/fesm2022/primeng-dataview.mjs",
      "file": "primeng_dataview.js",
      "fileHash": "4be4f372",
      "needsInterop": false
    },
    "primeng/dialog": {
      "src": "../../../../../node_modules/primeng/fesm2022/primeng-dialog.mjs",
      "file": "primeng_dialog.js",
      "fileHash": "a800d82a",
      "needsInterop": false
    },
    "primeng/dragdrop": {
      "src": "../../../../../node_modules/primeng/fesm2022/primeng-dragdrop.mjs",
      "file": "primeng_dragdrop.js",
      "fileHash": "09200d22",
      "needsInterop": false
    },
    "primeng/dropdown": {
      "src": "../../../../../node_modules/primeng/fesm2022/primeng-dropdown.mjs",
      "file": "primeng_dropdown.js",
      "fileHash": "656ce5dc",
      "needsInterop": false
    },
    "primeng/editor": {
      "src": "../../../../../node_modules/primeng/fesm2022/primeng-editor.mjs",
      "file": "primeng_editor.js",
      "fileHash": "38002f9c",
      "needsInterop": false
    },
    "primeng/inputnumber": {
      "src": "../../../../../node_modules/primeng/fesm2022/primeng-inputnumber.mjs",
      "file": "primeng_inputnumber.js",
      "fileHash": "72d933fc",
      "needsInterop": false
    },
    "primeng/inputtext": {
      "src": "../../../../../node_modules/primeng/fesm2022/primeng-inputtext.mjs",
      "file": "primeng_inputtext.js",
      "fileHash": "24f9b048",
      "needsInterop": false
    },
    "primeng/inputtextarea": {
      "src": "../../../../../node_modules/primeng/fesm2022/primeng-inputtextarea.mjs",
      "file": "primeng_inputtextarea.js",
      "fileHash": "abebc88b",
      "needsInterop": false
    },
    "primeng/menu": {
      "src": "../../../../../node_modules/primeng/fesm2022/primeng-menu.mjs",
      "file": "primeng_menu.js",
      "fileHash": "363be338",
      "needsInterop": false
    },
    "primeng/overlaypanel": {
      "src": "../../../../../node_modules/primeng/fesm2022/primeng-overlaypanel.mjs",
      "file": "primeng_overlaypanel.js",
      "fileHash": "7b6ab5cd",
      "needsInterop": false
    },
    "primeng/panel": {
      "src": "../../../../../node_modules/primeng/fesm2022/primeng-panel.mjs",
      "file": "primeng_panel.js",
      "fileHash": "7123efe3",
      "needsInterop": false
    },
    "primeng/panelmenu": {
      "src": "../../../../../node_modules/primeng/fesm2022/primeng-panelmenu.mjs",
      "file": "primeng_panelmenu.js",
      "fileHash": "9074bc1d",
      "needsInterop": false
    },
    "primeng/progressspinner": {
      "src": "../../../../../node_modules/primeng/fesm2022/primeng-progressspinner.mjs",
      "file": "primeng_progressspinner.js",
      "fileHash": "e61bb222",
      "needsInterop": false
    },
    "primeng/ripple": {
      "src": "../../../../../node_modules/primeng/fesm2022/primeng-ripple.mjs",
      "file": "primeng_ripple.js",
      "fileHash": "b6316531",
      "needsInterop": false
    },
    "primeng/sidebar": {
      "src": "../../../../../node_modules/primeng/fesm2022/primeng-sidebar.mjs",
      "file": "primeng_sidebar.js",
      "fileHash": "7da643cd",
      "needsInterop": false
    },
    "primeng/table": {
      "src": "../../../../../node_modules/primeng/fesm2022/primeng-table.mjs",
      "file": "primeng_table.js",
      "fileHash": "3425e405",
      "needsInterop": false
    },
    "primeng/tabview": {
      "src": "../../../../../node_modules/primeng/fesm2022/primeng-tabview.mjs",
      "file": "primeng_tabview.js",
      "fileHash": "38decfa6",
      "needsInterop": false
    },
    "primeng/tag": {
      "src": "../../../../../node_modules/primeng/fesm2022/primeng-tag.mjs",
      "file": "primeng_tag.js",
      "fileHash": "2b253132",
      "needsInterop": false
    },
    "primeng/toast": {
      "src": "../../../../../node_modules/primeng/fesm2022/primeng-toast.mjs",
      "file": "primeng_toast.js",
      "fileHash": "91ae8990",
      "needsInterop": false
    },
    "primeng/toolbar": {
      "src": "../../../../../node_modules/primeng/fesm2022/primeng-toolbar.mjs",
      "file": "primeng_toolbar.js",
      "fileHash": "379dd62e",
      "needsInterop": false
    },
    "primeng/tooltip": {
      "src": "../../../../../node_modules/primeng/fesm2022/primeng-tooltip.mjs",
      "file": "primeng_tooltip.js",
      "fileHash": "d84769d0",
      "needsInterop": false
    },
    "rxjs": {
      "src": "../../../../../node_modules/rxjs/dist/esm5/index.js",
      "file": "rxjs.js",
      "fileHash": "1f4b99dc",
      "needsInterop": false
    },
    "rxjs/operators": {
      "src": "../../../../../node_modules/rxjs/dist/esm5/operators/index.js",
      "file": "rxjs_operators.js",
      "fileHash": "67002630",
      "needsInterop": false
    },
    "uuid": {
      "src": "../../../../../node_modules/uuid/dist/esm-browser/index.js",
      "file": "uuid.js",
      "fileHash": "0859fc12",
      "needsInterop": false
    }
  },
  "chunks": {
    "chunk-IYVH2UQ2": {
      "file": "chunk-IYVH2UQ2.js"
    },
    "chunk-ZTGVLOMI": {
      "file": "chunk-ZTGVLOMI.js"
    },
    "chunk-4FE2QOUS": {
      "file": "chunk-4FE2QOUS.js"
    },
    "chunk-CJGROUAW": {
      "file": "chunk-CJGROUAW.js"
    },
    "chunk-BAOUPYJN": {
      "file": "chunk-BAOUPYJN.js"
    },
    "chunk-DA2AHJJA": {
      "file": "chunk-DA2AHJJA.js"
    },
    "chunk-4N2WQT5T": {
      "file": "chunk-4N2WQT5T.js"
    },
    "chunk-BI5COJBE": {
      "file": "chunk-BI5COJBE.js"
    },
    "chunk-2CJ6GJ7Q": {
      "file": "chunk-2CJ6GJ7Q.js"
    },
    "chunk-SM42AFQX": {
      "file": "chunk-SM42AFQX.js"
    },
    "chunk-WV7PCIZ5": {
      "file": "chunk-WV7PCIZ5.js"
    },
    "chunk-HWPAVMGJ": {
      "file": "chunk-HWPAVMGJ.js"
    },
    "chunk-WD55HX4J": {
      "file": "chunk-WD55HX4J.js"
    },
    "chunk-5GIHUWRE": {
      "file": "chunk-5GIHUWRE.js"
    },
    "chunk-3U6SZDML": {
      "file": "chunk-3U6SZDML.js"
    },
    "chunk-EHOBKZ27": {
      "file": "chunk-EHOBKZ27.js"
    },
    "chunk-7GJVN474": {
      "file": "chunk-7GJVN474.js"
    },
    "chunk-R75Y3RQN": {
      "file": "chunk-R75Y3RQN.js"
    },
    "chunk-NRPQEUWD": {
      "file": "chunk-NRPQEUWD.js"
    },
    "chunk-3SQF7L7O": {
      "file": "chunk-3SQF7L7O.js"
    },
    "chunk-PFSBGZRB": {
      "file": "chunk-PFSBGZRB.js"
    },
    "chunk-2SFJ3DLA": {
      "file": "chunk-2SFJ3DLA.js"
    },
    "chunk-O7JMIU2L": {
      "file": "chunk-O7JMIU2L.js"
    },
    "chunk-U6WDMHWD": {
      "file": "chunk-U6WDMHWD.js"
    },
    "chunk-HHKLIZ7O": {
      "file": "chunk-HHKLIZ7O.js"
    },
    "chunk-KZSV2LF3": {
      "file": "chunk-KZSV2LF3.js"
    },
    "chunk-GHTSNRWU": {
      "file": "chunk-GHTSNRWU.js"
    },
    "chunk-T6OEQNTN": {
      "file": "chunk-T6OEQNTN.js"
    },
    "chunk-WI6LBH4V": {
      "file": "chunk-WI6LBH4V.js"
    },
    "chunk-BQTYKBYB": {
      "file": "chunk-BQTYKBYB.js"
    },
    "chunk-KDOJNZN6": {
      "file": "chunk-KDOJNZN6.js"
    },
    "chunk-EBXC6MJI": {
      "file": "chunk-EBXC6MJI.js"
    }
  }
}