{
  "hash": "65845d5a",
  "configHash": "8e355c87",
  "lockfileHash": "b7d61c20",
  "browserHash": "c467aa17",
  "optimized": {
    "@angular/common": {
      "src": "../../../../../node_modules/@angular/common/fesm2022/common.mjs",
      "file": "@angular_common.js",
      "fileHash": "6c98c87c",
      "needsInterop": false
    },
    "@angular/common/http": {
      "src": "../../../../../node_modules/@angular/common/fesm2022/http.mjs",
      "file": "@angular_common_http.js",
      "fileHash": "22564b9e",
      "needsInterop": false
    },
    "@angular/core": {
      "src": "../../../../../node_modules/@angular/core/fesm2022/core.mjs",
      "file": "@angular_core.js",
      "fileHash": "3cd7a39a",
      "needsInterop": false
    },
    "@angular/forms": {
      "src": "../../../../../node_modules/@angular/forms/fesm2022/forms.mjs",
      "file": "@angular_forms.js",
      "fileHash": "79961ea8",
      "needsInterop": false
    },
    "@angular/platform-browser": {
      "src": "../../../../../node_modules/@angular/platform-browser/fesm2022/platform-browser.mjs",
      "file": "@angular_platform-browser.js",
      "fileHash": "be06712a",
      "needsInterop": false
    },
    "@angular/platform-browser/animations": {
      "src": "../../../../../node_modules/@angular/platform-browser/fesm2022/animations.mjs",
      "file": "@angular_platform-browser_animations.js",
      "fileHash": "5c58c6b5",
      "needsInterop": false
    },
    "@angular/router": {
      "src": "../../../../../node_modules/@angular/router/fesm2022/router.mjs",
      "file": "@angular_router.js",
      "fileHash": "50491b21",
      "needsInterop": false
    },
    "primeng/api": {
      "src": "../../../../../node_modules/primeng/fesm2022/primeng-api.mjs",
      "file": "primeng_api.js",
      "fileHash": "93c11351",
      "needsInterop": false
    },
    "primeng/button": {
      "src": "../../../../../node_modules/primeng/fesm2022/primeng-button.mjs",
      "file": "primeng_button.js",
      "fileHash": "a2c567c1",
      "needsInterop": false
    },
    "primeng/dialog": {
      "src": "../../../../../node_modules/primeng/fesm2022/primeng-dialog.mjs",
      "file": "primeng_dialog.js",
      "fileHash": "b74cf624",
      "needsInterop": false
    },
    "primeng/floatlabel": {
      "src": "../../../../../node_modules/primeng/fesm2022/primeng-floatlabel.mjs",
      "file": "primeng_floatlabel.js",
      "fileHash": "957119de",
      "needsInterop": false
    },
    "primeng/inputgroup": {
      "src": "../../../../../node_modules/primeng/fesm2022/primeng-inputgroup.mjs",
      "file": "primeng_inputgroup.js",
      "fileHash": "1cde9b30",
      "needsInterop": false
    },
    "primeng/inputgroupaddon": {
      "src": "../../../../../node_modules/primeng/fesm2022/primeng-inputgroupaddon.mjs",
      "file": "primeng_inputgroupaddon.js",
      "fileHash": "ada8021e",
      "needsInterop": false
    },
    "primeng/inputtext": {
      "src": "../../../../../node_modules/primeng/fesm2022/primeng-inputtext.mjs",
      "file": "primeng_inputtext.js",
      "fileHash": "5d3ada85",
      "needsInterop": false
    },
    "primeng/table": {
      "src": "../../../../../node_modules/primeng/fesm2022/primeng-table.mjs",
      "file": "primeng_table.js",
      "fileHash": "9f3f30c6",
      "needsInterop": false
    }
  },
  "chunks": {
    "chunk-55PIY2OM": {
      "file": "chunk-55PIY2OM.js"
    },
    "chunk-CAUKJ7XR": {
      "file": "chunk-CAUKJ7XR.js"
    },
    "chunk-UNGIDW3L": {
      "file": "chunk-UNGIDW3L.js"
    },
    "chunk-AQEFZ6DA": {
      "file": "chunk-AQEFZ6DA.js"
    },
    "chunk-I5GFZ4AQ": {
      "file": "chunk-I5GFZ4AQ.js"
    },
    "chunk-VGFLNXXU": {
      "file": "chunk-VGFLNXXU.js"
    },
    "chunk-I5CGGH7T": {
      "file": "chunk-I5CGGH7T.js"
    },
    "chunk-VWVLBVPE": {
      "file": "chunk-VWVLBVPE.js"
    },
    "chunk-MINMG2VS": {
      "file": "chunk-MINMG2VS.js"
    },
    "chunk-GTUCESPA": {
      "file": "chunk-GTUCESPA.js"
    },
    "chunk-3W2WHAOB": {
      "file": "chunk-3W2WHAOB.js"
    }
  }
}